clip_id,label,frame_index,sample_verdict,window_verdict,reason,landmark_count,left_brightness,right_brightness,left_blur,right_blur,iod_px,h_inlier,h_residual_pct,h_p95_pct,f_inlier,f_sampson_pct,live_votes,spoof_votes,inconclusive_votes
pilot02/EMPTY/S02_20260717_232251,EMPTY,0,INCONCLUSIVE,,face landmarks missing in one or both cameras,,64.63484858960177,103.34928443030974,50.04667734330594,99.09945274088338,,,,,,,,,
pilot02/EMPTY/S02_20260717_232251,EMPTY,5,INCONCLUSIVE,,face landmarks missing in one or both cameras,,125.32356194690266,148.0763170630531,87.68641772358407,111.51413485377441,,,,,,,,,
pilot02/EMPTY/S02_20260717_232251,EMPTY,10,INCONCLUSIVE,INCONCLUSIVE,temporal vote did not reach a fail-safe majority,,153.65396501659293,149.2412576050885,73.66971769635367,103.82836682478798,,,,,,,0,0,3
pilot02/EMPTY/S02_20260717_232251,EMPTY,15,INCONCLUSIVE,INCONCLUSIVE,temporal vote did not reach a fail-safe majority,,153.68098036504423,149.24661573561946,74.21389615875299,104.27351934566373,,,,,,,0,0,3
pilot02/EMPTY/S02_20260717_232251,EMPTY,20,INCONCLUSIVE,INCONCLUSIVE,temporal vote did not reach a fail-safe majority,,153.7744572732301,149.3595271017699,74.10412271587316,103.88960812609517,,,,,,,0,0,3
pilot02/EMPTY/S02_20260717_232251,EMPTY,25,INCONCLUSIVE,INCONCLUSIVE,temporal vote did not reach a fail-safe majority,,153.81395879424778,149.31320519911503,74.09626116438119,103.47081309572252,,,,,,,0,0,3
pilot02/EMPTY/S02_20260717_232251,EMPTY,30,INCONCLUSIVE,INCONCLUSIVE,temporal vote did not reach a fail-safe majority,,153.78879632190265,149.33016108960177,73.40804673560477,104.47743660239028,,,,,,,0,0,3
pilot02/EMPTY/S02_20260717_232251,EMPTY,35,INCONCLUSIVE,INCONCLUSIVE,temporal vote did not reach a fail-safe majority,,153.9486760232301,149.51143528761062,74.28425181041487,103.75760494911228,,,,,,,0,0,3
pilot02/EMPTY/S02_20260717_232251,EMPTY,40,INCONCLUSIVE,INCONCLUSIVE,temporal vote did not reach a fail-safe majority,,153.9219648783186,149.51173257743363,73.9459574640743,103.45479115680554,,,,,,,0,0,3
pilot02/EMPTY/S02_20260717_232251,EMPTY,45,INCONCLUSIVE,INCONCLUSIVE,temporal vote did not reach a fail-safe majority,,153.95045976216815,149.5055240597345,73.49029204926725,103.70788155284987,,,,,,,0,0,3
pilot02/EMPTY/S02_20260717_232251,EMPTY,50,INCONCLUSIVE,INCONCLUSIVE,temporal vote did not reach a fail-safe majority,,153.92491703539824,149.48693307522123,74.32255406159449,104.27427368111482,,,,,,,0,0,3
pilot02/EMPTY/S02_20260717_232251,EMPTY,55,INCONCLUSIVE,INCONCLUSIVE,temporal vote did not reach a fail-safe majority,,153.8970271017699,149.4284188329646,74.19675975731745,102.96266215484903,,,,,,,0,0,3
pilot02/EMPTY/S02_20260717_232251,EMPTY,60,INCONCLUSIVE,INCONCLUSIVE,temporal vote did not reach a fail-safe majority,,153.8873617256637,149.45789546460176,73.72847184406992,103.6050710477014,,,,,,,0,0,3
pilot02/EMPTY/S02_20260717_232251,EMPTY,65,INCONCLUSIVE,INCONCLUSIVE,temporal vote did not reach a fail-safe majority,,153.9133780420354,149.41491288716813,74.03057213640389,103.55464534081068,,,,,,,0,0,3
pilot02/EMPTY/S02_20260717_232251,EMPTY,70,INCONCLUSIVE,INCONCLUSIVE,temporal vote did not reach a fail-safe majority,,153.86326742256637,149.41521709070796,73.80896450665611,103.6115458932656,,,,,,,0,0,3
pilot02/EMPTY/S02_20260717_232251,EMPTY,75,INCONCLUSIVE,INCONCLUSIVE,temporal vote did not reach a fail-safe majority,,153.86482300884956,149.41478844026548,74.34398134561233,103.42270802055344,,,,,,,0,0,3
pilot02/EMPTY/S02_20260717_232251,EMPTY,80,INCONCLUSIVE,INCONCLUSIVE,temporal vote did not reach a fail-safe majority,,153.88217298119469,149.3999585176991,73.937657376813,104.34757674224468,,,,,,,0,0,3
pilot02/EMPTY/S02_20260717_232251,EMPTY,85,INCONCLUSIVE,INCONCLUSIVE,temporal vote did not reach a fail-safe majority,,153.88875483960177,149.4005427267699,74.51249651541791,103.64428566046519,,,,,,,0,0,3
pilot02/EMPTY/S02_20260717_232251,EMPTY,90,INCONCLUSIVE,INCONCLUSIVE,temporal vote did not reach a fail-safe majority,,153.72799709623894,149.42301230641593,73.82587754796802,103.84157867950266,,,,,,,0,0,3
pilot02/EMPTY/S02_20260717_232251,EMPTY,95,INCONCLUSIVE,INCONCLUSIVE,temporal vote did not reach a fail-safe majority,,153.70180102323008,149.452437085177,74.64309204540123,103.92433249305752,,,,,,,0,0,3
pilot02/EMPTY/S02_20260717_232251,EMPTY,100,INCONCLUSIVE,INCONCLUSIVE,temporal vote did not reach a fail-safe majority,,153.70330129977876,149.41346792035398,75.22353772117012,104.27019736958648,,,,,,,0,0,3
pilot02/EMPTY/S02_20260717_232251,EMPTY,105,INCONCLUSIVE,INCONCLUSIVE,temporal vote did not reach a fail-safe majority,,153.71872925884955,149.42535951327434,73.93862809406991,104.35775660132809,,,,,,,0,0,3
pilot02/EMPTY/S02_20260717_232251,EMPTY,110,INCONCLUSIVE,INCONCLUSIVE,temporal vote did not reach a fail-safe majority,,153.73565403761063,149.43024751106194,74.12120164871067,104.1492600929176,,,,,,,0,0,3
pilot02/EMPTY/S02_20260717_232251,EMPTY,115,INCONCLUSIVE,INCONCLUSIVE,temporal vote did not reach a fail-safe majority,,153.6813986449115,149.43429894911503,74.4086512305479,104.39533245800376,,,,,,,0,0,3
pilot02/EMPTY/S02_20260717_232251,EMPTY,120,INCONCLUSIVE,INCONCLUSIVE,temporal vote did not reach a fail-safe majority,,153.71505461836284,149.42190611172566,73.54090207751408,104.04416477406218,,,,,,,0,0,3
pilot02/EMPTY/S02_20260717_232251,EMPTY,125,INCONCLUSIVE,INCONCLUSIVE,temporal vote did not reach a fail-safe majority,,153.72035052544248,149.408203125,73.86249974942316,103.73453357496672,,,,,,,0,0,3
pilot02/EMPTY/S02_20260717_232251,EMPTY,130,INCONCLUSIVE,INCONCLUSIVE,temporal vote did not reach a fail-safe majority,,118.79058697455753,77.57941095132743,64.81683030691244,66.48468708604454,,,,,,,0,0,3
pilot02/EMPTY/S02_20260717_232251,EMPTY,135,INCONCLUSIVE,INCONCLUSIVE,temporal vote did not reach a fail-safe majority,,116.92678719579646,74.84497372787611,63.70886232207455,71.13505171138965,,,,,,,0,0,3
pilot02/EMPTY/S02_20260717_232251,EMPTY,140,INCONCLUSIVE,INCONCLUSIVE,temporal vote did not reach a fail-safe majority,,64.66985273783186,70.65493985066372,25.050479355700865,51.45688257400688,,,,,,,0,0,3
pilot02/EMPTY/S02_20260717_232251,EMPTY,145,INCONCLUSIVE,INCONCLUSIVE,temporal vote did not reach a fail-safe majority,,154.5981332964602,161.61393459623895,86.06810160740044,115.00726263283619,,,,,,,0,0,3
pilot02/EMPTY/S02_20260717_232338,EMPTY,0,INCONCLUSIVE,,face landmarks missing in one or both cameras,,77.73786988384956,111.95117533185841,57.80473561261459,117.25400947775739,,,,,,,,,
pilot02/EMPTY/S02_20260717_232338,EMPTY,5,INCONCLUSIVE,,face landmarks missing in one or both cameras,,169.22088288163718,157.39230849004426,87.83167567061093,111.77729127046075,,,,,,,,,
pilot02/EMPTY/S02_20260717_232338,EMPTY,10,INCONCLUSIVE,INCONCLUSIVE,temporal vote did not reach a fail-safe majority,,153.19775995575222,148.7061981471239,75.02418910733161,103.03256295186762,,,,,,,0,0,3
pilot02/EMPTY/S02_20260717_232338,EMPTY,15,INCONCLUSIVE,INCONCLUSIVE,temporal vote did not reach a fail-safe majority,,153.32320589048672,148.81478498340707,75.48619200640833,104.9365517596002,,,,,,,0,0,3
pilot02/EMPTY/S02_20260717_232338,EMPTY,20,INCONCLUSIVE,INCONCLUSIVE,temporal vote did not reach a fail-safe majority,,153.4326707688053,148.895609789823,74.58176393523102,104.1432417881712,,,,,,,0,0,3
pilot02/EMPTY/S02_20260717_232338,EMPTY,25,INCONCLUSIVE,INCONCLUSIVE,temporal vote did not reach a fail-safe majority,,153.45711767146017,148.9502419800885,74.69183003631957,103.73107690928713,,,,,,,0,0,3
pilot02/EMPTY/S02_20260717_232338,EMPTY,30,INCONCLUSIVE,INCONCLUSIVE,temporal vote did not reach a fail-safe majority,,153.480358130531,148.9448665652655,75.24335746756175,104.55595906636066,,,,,,,0,0,3
pilot02/EMPTY/S02_20260717_232338,EMPTY,35,INCONCLUSIVE,INCONCLUSIVE,temporal vote did not reach a fail-safe majority,,153.4341848727876,148.94178996128318,75.12134791884839,104.18533247519962,,,,,,,0,0,3
pilot02/EMPTY/S02_20260717_232338,EMPTY,40,INCONCLUSIVE,INCONCLUSIVE,temporal vote did not reach a fail-safe majority,,153.4970132743363,148.97908600663717,75.29708244801128,104.09977457515393,,,,,,,0,0,3
pilot02/EMPTY/S02_20260717_232338,EMPTY,45,INCONCLUSIVE,INCONCLUSIVE,temporal vote did not reach a fail-safe majority,,153.44479397123894,148.92922082411505,74.4250823039054,103.89264672001448,,,,,,,0,0,3
pilot02/EMPTY/S02_20260717_232338,EMPTY,50,INCONCLUSIVE,INCONCLUSIVE,temporal vote did not reach a fail-safe majority,,153.4067477876106,148.8925677544248,75.08553123577488,103.91830023824791,,,,,,,0,0,3
pilot02/EMPTY/S02_20260717_232338,EMPTY,55,INCONCLUSIVE,INCONCLUSIVE,temporal vote did not reach a fail-safe majority,,153.44777724004425,148.9122096238938,75.01742126525788,104.21779580593594,,,,,,,0,0,3
pilot02/EMPTY/S02_20260717_232338,EMPTY,60,INCONCLUSIVE,INCONCLUSIVE,temporal vote did not reach a fail-safe majority,,153.4213426438053,148.93879632190266,75.02697477289463,104.16392402987705,,,,,,,0,0,3
pilot02/EMPTY/S02_20260717_232338,EMPTY,65,INCONCLUSIVE,INCONCLUSIVE,temporal vote did not reach a fail-safe majority,,153.46133849557523,148.95106816924778,74.75094515908995,103.71479844487592,,,,,,,0,0,3
pilot02/EMPTY/S02_20260717_232338,EMPTY,70,INCONCLUSIVE,INCONCLUSIVE,temporal vote did not reach a fail-safe majority,,153.41692132190266,148.90403069690265,75.01181439053397,103.50029699150645,,,,,,,0,0,3
pilot02/EMPTY/S02_20260717_232338,EMPTY,75,INCONCLUSIVE,INCONCLUSIVE,temporal vote did not reach a fail-safe majority,,153.41031872234512,148.91057798672566,75.31663838768557,103.57535218613982,,,,,,,0,0,3
pilot02/EMPTY/S02_20260717_232338,EMPTY,80,INCONCLUSIVE,INCONCLUSIVE,temporal vote did not reach a fail-safe majority,,153.4268113938053,148.90134126106196,74.65005825877124,104.14071797752932,,,,,,,0,0,3
pilot02/EMPTY/S02_20260717_232338,EMPTY,85,INCONCLUSIVE,INCONCLUSIVE,temporal vote did not reach a fail-safe majority,,153.4299778761062,148.89019980641592,74.68485889362816,103.62835941204459,,,,,,,0,0,3
pilot02/EMPTY/S02_20260717_232338,EMPTY,90,INCONCLUSIVE,INCONCLUSIVE,temporal vote did not reach a fail-safe majority,,153.40383019911505,148.90413094579645,75.13315441154595,103.73127419598931,,,,,,,0,0,3
pilot02/EMPTY/S02_20260717_232338,EMPTY,95,INCONCLUSIVE,INCONCLUSIVE,temporal vote did not reach a fail-safe majority,,153.421764380531,148.9015659568584,74.43170804516302,103.5591362900532,,,,,,,0,0,3
pilot02/EMPTY/S02_20260717_232338,EMPTY,100,INCONCLUSIVE,INCONCLUSIVE,temporal vote did not reach a fail-safe majority,,153.41122787610618,148.9011753318584,74.88595743896762,103.94284023047408,,,,,,,0,0,3
pilot02/EMPTY/S02_20260717_232338,EMPTY,105,INCONCLUSIVE,INCONCLUSIVE,temporal vote did not reach a fail-safe majority,,153.4306657909292,148.89290306969028,74.86675155094734,103.38158867958411,,,,,,,0,0,3
pilot02/EMPTY/S02_20260717_232338,EMPTY,110,INCONCLUSIVE,INCONCLUSIVE,temporal vote did not reach a fail-safe majority,,153.40919178650444,148.87974972345134,75.61030179892722,104.84626590460785,,,,,,,0,0,3
pilot02/EMPTY/S02_20260717_232338,EMPTY,115,INCONCLUSIVE,INCONCLUSIVE,temporal vote did not reach a fail-safe majority,,153.40035259955752,148.89831650995575,75.00744159725672,104.10260586088737,,,,,,,0,0,3
pilot02/EMPTY/S02_20260717_232338,EMPTY,120,INCONCLUSIVE,INCONCLUSIVE,temporal vote did not reach a fail-safe majority,,153.40846238938053,148.85649543694691,75.00468541497472,104.0758190378671,,,,,,,0,0,3
pilot02/EMPTY/S02_20260717_232338,EMPTY,125,INCONCLUSIVE,INCONCLUSIVE,temporal vote did not reach a fail-safe majority,,153.3491323285398,148.7986760232301,75.10217586521219,104.05106062886783,,,,,,,0,0,3
pilot02/EMPTY/S02_20260717_232338,EMPTY,130,INCONCLUSIVE,INCONCLUSIVE,temporal vote did not reach a fail-safe majority,,153.35633987831858,148.80482231747789,74.77202117922312,103.70101611441888,,,,,,,0,0,3
pilot02/EMPTY/S02_20260717_232338,EMPTY,135,INCONCLUSIVE,INCONCLUSIVE,temporal vote did not reach a fail-safe majority,,153.33932867809733,148.8438053097345,74.74594758682557,103.82919974969468,,,,,,,0,0,3
pilot02/EMPTY/S02_20260717_232338,EMPTY,140,INCONCLUSIVE,INCONCLUSIVE,temporal vote did not reach a fail-safe majority,,153.3256810011062,148.8172358960177,74.46419110544548,103.37983867823614,,,,,,,0,0,3
pilot02/EMPTY/S02_20260717_232338,EMPTY,145,INCONCLUSIVE,INCONCLUSIVE,temporal vote did not reach a fail-safe majority,,153.33459623893805,148.8364767699115,75.8970052682938,103.38412939947133,,,,,,,0,0,3
pilot02/EMPTY/S02_20260717_232338,EMPTY,150,INCONCLUSIVE,INCONCLUSIVE,temporal vote did not reach a fail-safe majority,,153.36256568030973,148.79886960730087,75.04677811541285,104.06990099703549,,,,,,,0,0,3
pilot02/EMPTY/S02_20260717_232338,EMPTY,155,INCONCLUSIVE,INCONCLUSIVE,temporal vote did not reach a fail-safe majority,,153.35187707411504,148.84180378871682,75.60015913551123,103.38781105870228,,,,,,,0,0,3
pilot02/EMPTY/S02_20260717_232338,EMPTY,160,INCONCLUSIVE,INCONCLUSIVE,temporal vote did not reach a fail-safe majority,,153.36882605088496,148.85963772123893,75.22596096599565,104.40937129189558,,,,,,,0,0,3
pilot02/EMPTY/S02_20260717_232338,EMPTY,165,INCONCLUSIVE,INCONCLUSIVE,temporal vote did not reach a fail-safe majority,,153.3421944137168,148.84138550884956,74.98207664725756,103.58668375002563,,,,,,,0,0,3
pilot02/EMPTY/S02_20260717_232338,EMPTY,170,INCONCLUSIVE,INCONCLUSIVE,temporal vote did not reach a fail-safe majority,,153.3535259955752,148.85109582411505,75.37038531964009,104.3430410494742,,,,,,,0,0,3
pilot02/EMPTY/S02_20260717_232338,EMPTY,175,INCONCLUSIVE,INCONCLUSIVE,temporal vote did not reach a fail-safe majority,,153.3506326050885,148.83216261061946,75.823661521059,103.95168990156778,,,,,,,0,0,3
pilot02/EMPTY/S02_20260717_232338,EMPTY,180,INCONCLUSIVE,INCONCLUSIVE,temporal vote did not reach a fail-safe majority,,153.33616219579645,148.80172842920354,75.43159619097366,103.78330993408566,,,,,,,0,0,3
pilot02/EMPTY/S02_20260717_232338,EMPTY,185,INCONCLUSIVE,INCONCLUSIVE,temporal vote did not reach a fail-safe majority,,153.32991910951327,148.80735619469027,75.2227250831515,103.24014733233777,,,,,,,0,0,3
pilot02/EMPTY/S02_20260717_232338,EMPTY,190,INCONCLUSIVE,INCONCLUSIVE,temporal vote did not reach a fail-safe majority,,153.31925124446903,148.83102876106196,75.65764266099016,104.29163072150934,,,,,,,0,0,3
pilot02/LIVE_USER/S02_20260717_231621,LIVE_USER,0,LIVE,,homography fails while epipolar geometry remains consistent,478,149.71492671460177,137.49259886615044,90.57957565686428,115.7020394621419,123.96634039897894,0.5962343096234309,2.934196776436574,10.382688234970622,0.8640167364016736,0.6854354680079894,,,
pilot02/LIVE_USER/S02_20260717_231621,LIVE_USER,5,LIVE,,homography fails while epipolar geometry remains consistent,478,151.51836974557523,136.8502938329646,74.3230359973201,124.08859226611294,119.4638321846185,0.5962343096234309,2.2546115866361656,6.31302637239491,0.9560669456066946,0.4659357670568264,,,
pilot02/LIVE_USER/S02_20260717_231621,LIVE_USER,10,INCONCLUSIVE,INCONCLUSIVE,temporal vote did not reach a fail-safe majority,478,154.00406872234512,138.70734582411504,89.8182463033101,127.26041818809226,121.12514084857493,0.7719665271966527,1.563660729838406,4.237096231159673,0.9539748953974896,0.3301615488322608,2,0,1
pilot02/LIVE_USER/S02_20260717_231621,LIVE_USER,15,LIVE,INCONCLUSIVE,temporal vote did not reach a fail-safe majority,478,151.73932522123894,137.2987762721239,78.73188250613163,127.75401338841215,120.0019619411513,0.5585774058577406,3.150735254048013,10.967528098554164,0.9476987447698745,0.44636744287740515,2,0,1
pilot02/LIVE_USER/S02_20260717_231621,LIVE_USER,20,LIVE,INCONCLUSIVE,temporal vote did not reach a fail-safe majority,478,151.69014795353982,138.40615666482302,83.64803606390477,120.64706847848174,117.88010481078209,0.6673640167364017,1.9569096549518796,5.089147703052719,0.8870292887029289,0.7296986951649402,2,0,1
pilot02/LIVE_USER/S02_20260717_231621,LIVE_USER,25,LIVE,LIVE,3/3 samples voted LIVE,478,151.6072317477876,138.90427959070797,88.10561688287153,122.15945442140554,116.24110596431693,0.602510460251046,2.5552013728806555,8.552631963781506,0.9707112970711297,0.43159879672429197,3,0,0
pilot02/LIVE_USER/S02_20260717_231621,LIVE_USER,30,LIVE,LIVE,3/3 samples voted LIVE,478,151.88485896017698,139.86194690265486,88.31738417496443,120.94878660655077,116.19822733135449,0.6464435146443515,2.5666691214208477,9.244754930554397,1.0,0.31044191052018594,3,0,0
pilot02/LIVE_USER/S02_20260717_231621,LIVE_USER,35,LIVE,LIVE,3/3 samples voted LIVE,478,151.83827433628318,139.95777101769912,86.9862864559824,120.99207614556617,115.6798546434896,0.5941422594142259,2.2462351423232483,6.663623785919361,0.9895397489539749,0.40692434747217116,3,0,0
pilot02/LIVE_USER/S02_20260717_231621,LIVE_USER,40,LIVE,LIVE,3/3 samples voted LIVE,478,151.76974903207966,139.92932452986724,87.50435217009593,119.8602145987179,114.97728384403102,0.5836820083682008,2.3054990659091374,6.850830023792865,0.9267782426778243,0.6199838886503221,3,0,0
pilot02/LIVE_USER/S02_20260717_231621,LIVE_USER,45,LIVE,LIVE,3/3 samples voted LIVE,478,151.67071695243362,139.84006498893805,85.4185593995608,120.59437566497441,117.6907510550617,0.5983263598326359,2.368387742890441,7.081564388295537,0.9539748953974896,0.4892937428646527,3,0,0
pilot02/LIVE_USER/S02_20260717_231621,LIVE_USER,50,LIVE,LIVE,3/3 samples voted LIVE,478,151.79443791482302,140.17677336836283,86.67111777878674,120.15322879321332,116.86542308833096,0.6338912133891214,1.9075999103351764,5.220111414423651,0.9790794979079498,0.50954780296823,3,0,0
pilot02/LIVE_USER/S02_20260717_231621,LIVE_USER,55,LIVE,LIVE,3/3 samples voted LIVE,478,152.07400788163716,140.63203816371683,87.27434651178467,120.93516748244765,116.29752403318125,0.5815899581589958,2.2814616838557136,6.655382634732593,0.9497907949790795,0.4657056697114543,3,0,0
pilot02/LIVE_USER/S02_20260717_231621,LIVE_USER,60,LIVE,LIVE,3/3 samples voted LIVE,478,152.3919870022124,141.9419870022124,73.67619933712781,103.0108949988054,121.61680163137008,0.5941422594142259,2.322382137718433,6.529985868675809,0.9644351464435147,0.41214005824104905,3,0,0
pilot02/LIVE_USER/S02_20260717_231621,LIVE_USER,65,LIVE,LIVE,3/3 samples voted LIVE,478,153.15349488384956,143.03860965154868,87.97397326562405,123.86827294130313,119.7805305504102,0.6213389121338913,2.156617130790724,6.4620445089216885,0.9937238493723849,0.29379201416651235,3,0,0
pilot02/LIVE_USER/S02_20260717_231621,LIVE_USER,70,LIVE,LIVE,3/3 samples voted LIVE,478,154.49289269911503,146.42010508849557,77.49914461586225,119.65421698863695,121.0985803158678,0.6757322175732218,1.8873549165359649,5.875944788654729,1.0,0.3004303133728772,3,0,0
pilot02/LIVE_USER/S02_20260717_231621,LIVE_USER,75,LIVE,LIVE,3/3 samples voted LIVE,478,154.15905351216813,146.23737209623894,75.00725954068781,102.65476354701319,122.06181879253857,0.6401673640167364,2.0727129407425973,6.379051522634555,0.9163179916317992,0.5852670989194955,3,0,0
pilot02/LIVE_USER/S02_20260717_231621,LIVE_USER,80,INCONCLUSIVE,INCONCLUSIVE,temporal vote did not reach a fail-safe majority,478,157.3099592090708,153.70056346792035,79.30422413638003,109.62514495383564,108.63232101688638,0.7845188284518828,1.5035212704061918,5.126693406216868,0.9476987447698745,0.4166954943971767,2,0,1
pilot02/LIVE_USER/S02_20260717_231621,LIVE_USER,85,LIVE,INCONCLUSIVE,temporal vote did not reach a fail-safe majority,478,158.29115389933628,153.14195934734514,83.08038451541384,112.60186286379563,114.16924599453814,0.698744769874477,1.8670699922886902,5.869536465335205,0.9351464435146444,0.4982938113325691,2,0,1
pilot02/LIVE_USER/S02_20260717_231621,LIVE_USER,90,LIVE,INCONCLUSIVE,temporal vote did not reach a fail-safe majority,478,157.60700013827434,152.31472275995574,69.5775772330617,102.34475923626488,113.68573368860494,0.7092050209205021,1.9068004753245664,6.572431822656537,0.9267782426778243,0.6406251379054181,2,0,1
pilot02/LIVE_USER/S02_20260717_231621,LIVE_USER,95,LIVE,LIVE,3/3 samples voted LIVE,478,156.03370782632743,146.70935771570797,91.96492032972647,137.85807481666416,93.98873336424361,0.4811715481171548,4.554761870773392,16.021338408525455,0.8640167364016736,0.8442625856955466,3,0,0
pilot02/LIVE_USER/S02_20260717_231621,LIVE_USER,100,LIVE,LIVE,3/3 samples voted LIVE,478,156.28177889933627,146.9412506913717,95.6932953802792,138.7142629094064,96.73833702840713,0.5125523012552301,3.4369846348415547,11.659452637090842,0.9246861924686193,0.5776439208916803,3,0,0
pilot02/LIVE_USER/S02_20260717_231621,LIVE_USER,105,LIVE,LIVE,3/3 samples voted LIVE,478,156.16366150442477,146.6896536227876,94.02263199840793,138.80163142895358,93.87759541639048,0.5209205020920502,3.6135508485241137,13.131998685462603,0.9707112970711297,0.5771755173859097,3,0,0
pilot02/LIVE_USER/S02_20260717_231621,LIVE_USER,110,LIVE,LIVE,3/3 samples voted LIVE,478,156.5043487278761,150.2470236449115,72.08355021953919,113.60405470819478,109.74930654510942,0.6213389121338913,2.248722321758762,6.978161046629082,0.9623430962343096,0.36145506034051383,3,0,0
pilot02/LIVE_USER/S02_20260717_231621,LIVE_USER,115,LIVE,LIVE,3/3 samples voted LIVE,478,156.46398990597345,150.38111863938053,77.96374169278494,110.9812252496084,118.92793626270434,0.5941422594142259,2.1341242348795375,5.536950190115457,0.9916317991631799,0.35915672415422356,3,0,0
pilot02/LIVE_USER/S02_20260717_231621,LIVE_USER,120,LIVE,LIVE,3/3 samples voted LIVE,478,155.70236794800886,149.3189816095133,75.29468418012296,103.05187654209487,116.4549816023598,0.606694560669456,2.645208075836552,8.324346479828154,0.9351464435146444,0.42580308002974726,3,0,0
pilot02/LIVE_USER/S02_20260717_231621,LIVE_USER,125,LIVE,LIVE,3/3 samples voted LIVE,478,153.64278899336284,146.22844994469025,75.09484531629337,110.96001072467377,117.03612957243122,0.5711297071129707,2.320983303977747,6.5871777350730785,0.9016736401673641,0.6122638753396673,3,0,0
pilot02/LIVE_USER/S02_20260717_231621,LIVE_USER,130,LIVE,LIVE,3/3 samples voted LIVE,478,153.35337735066372,145.4902309181416,75.44520630943961,112.95540562940025,117.39972881584934,0.604602510460251,2.33815197317796,7.563773580994735,0.9037656903765691,0.6072454580998421,3,0,0
pilot02/LIVE_USER/S02_20260717_231621,LIVE_USER,135,LIVE,LIVE,3/3 samples voted LIVE,478,154.14651894358408,146.59753525995575,73.4144887946929,108.39392925933139,118.96634426070108,0.6297071129707112,1.9385474083847811,5.714168122591679,0.9100418410041841,0.46131663704800974,3,0,0
pilot02/LIVE_USER/S02_20260717_231621,LIVE_USER,140,LIVE,LIVE,3/3 samples voted LIVE,478,157.76727392146017,152.36495436946902,72.76191860459781,102.62958350343575,118.37635597950562,0.606694560669456,2.0918764258231177,5.4353489670586885,0.9916317991631799,0.34534221014560823,3,0,0
pilot02/LIVE_USER/S02_20260717_231621,LIVE_USER,145,LIVE,LIVE,3/3 samples voted LIVE,478,160.21963149889382,156.04615597345133,85.48635673007311,113.4793932755457,114.30895345608194,0.5815899581589958,2.292644592079267,6.317558527910529,0.9728033472803347,0.41192558826518555,3,0,0
pilot02/LIVE_USER/S02_20260717_231621,LIVE_USER,150,LIVE,LIVE,3/3 samples voted LIVE,478,159.62872303650443,155.3598658738938,81.1281685820245,112.82675861073938,114.20275646043457,0.5690376569037657,2.3516195193167255,6.410949150984828,0.9142259414225942,0.5970713368111211,3,0,0
pilot02/LIVE_USER/S02_20260717_231621,LIVE_USER,155,LIVE,LIVE,3/3 samples voted LIVE,478,157.30626728429203,151.01720824115046,79.96008947258466,108.22282059589355,118.8554281404903,0.6380753138075314,1.9153480093053121,5.145881149858274,1.0,0.30441945729511855,3,0,0
pilot02/LIVE_USER/S02_20260717_231621,LIVE_USER,160,LIVE,LIVE,3/3 samples voted LIVE,478,156.20329784292036,144.8509644634956,78.78327185318383,113.3208547439832,124.36861578762476,0.6903765690376569,1.8343397849304741,6.151549724048251,0.9623430962343096,0.40308583777399226,3,0,0
pilot02/LIVE_USER/S02_20260717_231621,LIVE_USER,165,LIVE,LIVE,3/3 samples voted LIVE,478,154.68543971238938,143.44099142699116,89.55345647978739,132.15144033923892,124.79118377961956,0.7071129707112971,1.8089179851382486,5.4554132364370815,0.9874476987447699,0.38510928348571727,3,0,0
pilot02/LIVE_USER/S02_20260717_231621,LIVE_USER,170,LIVE,LIVE,3/3 samples voted LIVE,478,155.01759540929203,146.51161158738938,78.75419617636088,118.08275995306347,120.941951721439,0.6882845188284519,2.0560906461835664,6.649397347354778,0.9372384937238494,0.5474228829080783,3,0,0
pilot02/LIVE_USER/S02_20260717_231621,LIVE_USER,175,LIVE,LIVE,3/3 samples voted LIVE,478,155.38913855088495,148.0952260785398,84.87635785129358,129.44611995769017,120.527733013609,0.6213389121338913,2.7296946132464157,9.18492309002458,0.895397489539749,0.6627615586585727,3,0,0
pilot02/LIVE_USER/S02_20260717_231621,LIVE_USER,180,LIVE,LIVE,3/3 samples voted LIVE,478,155.5207999170354,148.35460799225663,83.06559265694777,124.22624004153994,122.10819211423285,0.7112970711297071,1.767853770587959,5.470013033450375,0.9644351464435147,0.32003272624960605,3,0,0
pilot02/LIVE_USER/S02_20260717_231621,LIVE_USER,185,LIVE,LIVE,3/3 samples voted LIVE,478,155.32638274336284,148.586328125,74.35168103782335,108.20172750566978,125.26039615149733,0.5794979079497908,2.613383351103184,8.40704568745921,0.8891213389121339,0.7766850752138813,3,0,0
pilot02/LIVE_USER/S02_20260717_231621,LIVE_USER,190,LIVE,LIVE,3/3 samples voted LIVE,478,153.84992394911504,145.41995298672566,77.71046634836291,112.15641216259255,119.31910414660094,0.6129707112970711,2.0497427434618833,6.408821311067368,0.9790794979079498,0.34451075025557115,3,0,0
pilot02/LIVE_USER/S02_20260717_231621,LIVE_USER,195,LIVE,LIVE,3/3 samples voted LIVE,478,153.5535121681416,144.82869538163717,84.21625558650449,117.33291584395796,121.25436640847508,0.608786610878661,2.719867626168665,9.245895557105035,0.9184100418410042,0.5479902974426585,3,0,0
pilot02/LIVE_USER/S02_20260717_231621,LIVE_USER,200,LIVE,LIVE,3/3 samples voted LIVE,478,153.6260750829646,144.89947801438052,82.02171081116359,116.50306270752624,121.2993396554353,0.6359832635983264,2.07620728061536,7.109600933758618,1.0,0.4042193043768245,3,0,0
pilot02/LIVE_USER/S02_20260717_231621,LIVE_USER,205,LIVE,LIVE,3/3 samples voted LIVE,478,154.04572732300886,145.4740182522124,81.83067464702569,117.44639370740444,119.87670100242077,0.6548117154811716,2.083304333733411,5.949330542807081,0.9476987447698745,0.383486892545914,3,0,0
pilot02/LIVE_USER/S02_20260717_231621,LIVE_USER,210,LIVE,LIVE,3/3 samples voted LIVE,478,155.6982957688053,150.9296425608407,73.76744181001222,105.8919793053489,111.26635540944578,0.606694560669456,2.4754069595994554,8.045519272443464,0.9707112970711297,0.4222825696231623,3,0,0
pilot02/LIVE_USER/S02_20260717_231621,LIVE_USER,215,LIVE,LIVE,3/3 samples voted LIVE,478,158.15045976216814,155.27608199668143,74.10278791346502,116.78891721940713,110.87124562472026,0.6171548117154811,1.893014613992527,4.879373392709418,0.997907949790795,0.3180244481901797,3,0,0
pilot02/LIVE_USER/S02_20260717_231621,LIVE_USER,220,INCONCLUSIVE,INCONCLUSIVE,temporal vote did not reach a fail-safe majority,478,158.1422428097345,154.86051576327435,73.82909161901314,117.35731816894902,110.95270418048446,0.6841004184100419,1.6468120590181177,4.086820655219468,1.0,0.2621986636826905,2,0,1
pilot02/LIVE_USER/S02_20260717_231621,LIVE_USER,225,INCONCLUSIVE,INCONCLUSIVE,temporal vote did not reach a fail-safe majority,478,157.94710315265488,153.91813122234512,75.51472871661943,120.66579437974045,106.9769009615789,0.7531380753138075,1.6052708682440926,4.777123097283164,0.9686192468619247,0.5235699706657554,1,0,2
pilot02/LIVE_USER/S02_20260717_231621,LIVE_USER,230,LIVE,INCONCLUSIVE,temporal vote did not reach a fail-safe majority,478,158.19826811393804,154.59830959623895,72.9435442924395,114.48271915735434,109.1439335147579,0.5648535564853556,2.201737261210924,5.495641678931305,0.9351464435146444,0.551722560063636,1,0,2
pilot02/LIVE_USER/S02_20260717_231621,LIVE_USER,235,LIVE,INCONCLUSIVE,temporal vote did not reach a fail-safe majority,478,156.78195519911503,150.21697317477876,84.8117187351702,122.94881599234475,120.62972283064391,0.7259414225941423,1.7834496509000437,5.897261467489958,0.9456066945606695,0.4117944475453786,2,0,1
pilot02/LIVE_USER/S02_20260717_231621,LIVE_USER,240,INCONCLUSIVE,INCONCLUSIVE,temporal vote did not reach a fail-safe majority,478,156.55572455752213,150.51011822455752,76.28632409118991,113.06808883633532,120.77868597792099,0.8389121338912134,1.21354778646545,3.0475207683227055,0.9874476987447699,0.2834507077152803,2,0,1
pilot02/LIVE_USER/S02_20260717_231621,LIVE_USER,245,LIVE,INCONCLUSIVE,temporal vote did not reach a fail-safe majority,478,156.18091468473452,150.18717159845133,77.86038191784671,114.71432880352319,119.50378079340578,0.6317991631799164,1.9391108354912694,5.2369765681487035,0.9916317991631799,0.34792569838384146,2,0,1
pilot02/LIVE_USER/S02_20260717_231621,LIVE_USER,250,LIVE,INCONCLUSIVE,temporal vote did not reach a fail-safe majority,478,155.32903069690266,148.51802751659292,77.66099368273228,108.95757286513326,117.91223894098574,0.5230125523012552,2.8769507290493723,8.789839077673994,0.9435146443514645,0.46479519138348,2,0,1
pilot02/LIVE_USER/S02_20260717_231621,LIVE_USER,255,LIVE,LIVE,3/3 samples voted LIVE,478,154.18246681415928,148.43340707964603,77.72988168346434,112.40858873582258,120.74302867336414,0.5606694560669456,2.43465390734177,6.712586273425536,0.9686192468619247,0.5757309304689188,3,0,0
pilot02/LIVE_USER/S02_20260717_231621,LIVE_USER,260,LIVE,LIVE,3/3 samples voted LIVE,478,154.69661573561947,149.08636269358408,83.47671815876824,124.18495493192552,122.04737158356906,0.7112970711297071,1.816241250718602,5.570000846344244,0.9644351464435147,0.3710853317942221,3,0,0
pilot02/LIVE_USER/S02_20260717_231621,LIVE_USER,265,LIVE,LIVE,3/3 samples voted LIVE,478,156.33981955199116,152.20010024889382,83.48617961812144,119.9821966216704,120.6241157809435,0.696652719665272,1.839750782445557,6.091886144442698,1.0,0.3390817251124728,3,0,0
pilot02/LIVE_USER/S02_20260717_231621,LIVE_USER,270,LIVE,LIVE,3/3 samples voted LIVE,478,156.70124792588496,151.69787403207965,74.07585450155621,113.35378814890854,119.93433914851663,0.6506276150627615,1.9206213290998986,5.106646297056348,0.9456066945606695,0.5355591990458864,3,0,0
pilot02/LIVE_USER/S02_20260717_231621,LIVE_USER,275,LIVE,LIVE,3/3 samples voted LIVE,478,156.5791586006637,150.6719233960177,78.79505799089101,116.47834530206823,114.17929991932228,0.700836820083682,1.8643620809972155,5.109470196574233,0.9058577405857741,0.6299083399728905,3,0,0
pilot02/LIVE_USER/S02_20260717_231621,LIVE_USER,280,LIVE,LIVE,3/3 samples voted LIVE,478,155.19889726216815,148.98130876659292,80.29772023188666,117.88541205446298,114.53099984428464,0.6338912133891214,2.1843449101652133,6.703716400246348,0.9184100418410042,0.4915581494468646,3,0,0
pilot02/LIVE_USER/S02_20260717_231621,LIVE_USER,285,LIVE,LIVE,3/3 samples voted LIVE,478,155.23885508849557,149.02507605088496,79.87472034316625,115.98165084567606,115.01770368911029,0.5732217573221757,2.1971934791104983,6.717862474781197,0.8765690376569037,0.7511405659331432,3,0,0
pilot02/LIVE_USER/S02_20260717_231621,LIVE_USER,290,LIVE,LIVE,3/3 samples voted LIVE,478,157.58987831858408,155.2953608960177,73.14458040668669,109.45736611087169,108.05825448108531,0.702928870292887,1.7638228314953392,4.780112270124494,1.0,0.23603123072347165,3,0,0
pilot02/LIVE_USER/S02_20260717_231621,LIVE_USER,295,INCONCLUSIVE,INCONCLUSIVE,temporal vote did not reach a fail-safe majority,478,158.5040030420354,156.6219164823009,72.38912129030146,111.37555120443793,105.2316674466415,0.7071129707112971,1.586265811716308,4.260198028191443,1.0,0.26021494016944585,2,0,1
pilot02/LIVE_USER/S02_20260717_231621,LIVE_USER,300,LIVE,INCONCLUSIVE,temporal vote did not reach a fail-safe majority,478,158.52352392146017,156.0506913716814,73.93734201075617,115.49732242182414,106.01943532644341,0.5983263598326359,2.116575868649811,6.2932190521669265,0.9142259414225942,0.5011234089988352,2,0,1
pilot02/LIVE_USER/S02_20260717_231621,LIVE_USER,305,LIVE,INCONCLUSIVE,temporal vote did not reach a fail-safe majority,478,158.51165998340707,156.54937776548672,71.75983508643982,110.77596203288009,106.00000545816768,0.5962343096234309,2.3780328538318987,7.524675405840937,0.8451882845188284,0.8165331227226167,2,0,1
pilot02/LIVE_USER/S02_20260717_231621,LIVE_USER,310,LIVE,LIVE,3/3 samples voted LIVE,478,159.81731194690266,158.11740873893805,72.07166960754562,111.5288039628288,110.30885760899376,0.694560669456067,2.042285608840586,6.750817867364523,1.0,0.3126053326205701,3,0,0
pilot02/LIVE_USER/S02_20260717_231621,LIVE_USER,315,LIVE,LIVE,3/3 samples voted LIVE,478,160.362703954646,158.03464809181415,75.23874862949332,118.51586835899595,107.32304293835764,0.6422594142259415,1.9655503133146544,5.158285512580611,0.9895397489539749,0.34290233412236876,3,0,0
pilot02/LIVE_USER/S02_20260717_231621,LIVE_USER,320,LIVE,LIVE,3/3 samples voted LIVE,478,160.02476147676992,157.48475871128318,75.04286033141024,115.84889940186406,108.61985730678687,0.6485355648535565,1.8004198445715751,4.666559729269445,0.9874476987447699,0.29470321871215555,3,0,0
pilot02/LIVE_USER/S02_20260717_231621,LIVE_USER,325,INCONCLUSIVE,INCONCLUSIVE,temporal vote did not reach a fail-safe majority,478,159.8907217920354,157.3164027931416,75.20407868087689,115.91559876371376,109.319425960553,0.6882845188284519,1.6300175381895,4.2541606226864115,0.9476987447698745,0.46037579323350597,2,0,1
pilot02/LIVE_USER/S02_20260717_231621,LIVE_USER,330,LIVE,INCONCLUSIVE,temporal vote did not reach a fail-safe majority,478,159.72865389933628,157.56837665929203,67.77152903691035,104.72306288930766,111.13631001939667,0.6924686192468619,1.7051935561421645,4.632475300510153,0.9874476987447699,0.33848092868959284,2,0,1
pilot02/LIVE_USER/S02_20260717_231621,LIVE_USER,335,INCONCLUSIVE,INCONCLUSIVE,temporal vote did not reach a fail-safe majority,478,159.84466261061948,158.26560425884955,77.28197547363501,114.90020932825162,110.50443617402328,0.7803347280334728,1.4925103542538236,4.5374403267306,0.9456066945606695,0.45674739743124726,1,0,2
pilot02/LIVE_USER/S02_20260717_231621,LIVE_USER,340,INCONCLUSIVE,INCONCLUSIVE,temporal vote did not reach a fail-safe majority,478,160.0103982300885,158.50853844026548,78.35295174503617,115.80381680511516,110.0146565301967,0.7364016736401674,1.637957859177988,5.054913684799253,0.9644351464435147,0.3138150318750586,1,0,2
pilot02/LIVE_USER/S02_20260717_231621,LIVE_USER,345,INCONCLUSIVE,INCONCLUSIVE,temporal vote did not reach a fail-safe majority,478,160.04264034845133,158.5091295630531,78.58700900745593,115.47207414869509,109.62935201216155,0.7866108786610879,1.4997823829949541,4.949941464505142,0.9644351464435147,0.376757929983331,0,0,3
pilot02/PARTIAL/S02_20260717_232433,PARTIAL,0,INCONCLUSIVE,,face landmarks missing in one or both cameras,,124.04534361172567,115.27442270464601,91.75483191435876,113.75980297355403,,,,,,,,,
pilot02/PARTIAL/S02_20260717_232433,PARTIAL,5,INCONCLUSIVE,,face landmarks missing in one or both cameras,,125.10064988938053,115.89734513274337,82.21164781689784,111.42706152464922,,,,,,,,,
pilot02/PARTIAL/S02_20260717_232433,PARTIAL,10,INCONCLUSIVE,INCONCLUSIVE,temporal vote did not reach a fail-safe majority,,128.52759610066371,115.79830613938053,81.23266721939515,122.18209322287451,,,,,,,0,0,3
pilot02/PARTIAL/S02_20260717_232433,PARTIAL,15,INCONCLUSIVE,INCONCLUSIVE,temporal vote did not reach a fail-safe majority,,132.37866772676992,117.43864422013274,90.22075837105366,127.1444920538407,,,,,,,0,0,3
pilot02/PARTIAL/S02_20260717_232433,PARTIAL,20,INCONCLUSIVE,INCONCLUSIVE,temporal vote did not reach a fail-safe majority,,131.13919386061946,115.05116496128319,76.75349850388345,112.16450684271308,,,,,,,0,0,3
pilot02/PARTIAL/S02_20260717_232433,PARTIAL,25,INCONCLUSIVE,INCONCLUSIVE,temporal vote did not reach a fail-safe majority,,130.4902378318584,110.60746335730089,79.6020219715473,108.78345179212823,,,,,,,0,0,3
pilot02/PARTIAL/S02_20260717_232433,PARTIAL,30,INCONCLUSIVE,INCONCLUSIVE,temporal vote did not reach a fail-safe majority,,135.6553166482301,109.69173810840708,71.41086056089316,59.525224725420195,,,,,,,0,0,3
pilot02/PARTIAL/S02_20260717_232433,PARTIAL,35,INCONCLUSIVE,INCONCLUSIVE,temporal vote did not reach a fail-safe majority,,134.26163578539823,118.41419040376107,87.7176481017182,73.58941348125832,,,,,,,0,0,3
pilot02/PARTIAL/S02_20260717_232433,PARTIAL,40,INCONCLUSIVE,INCONCLUSIVE,temporal vote did not reach a fail-safe majority,,136.56671736725664,120.22752696349558,95.54504548272304,79.1314795514469,,,,,,,0,0,3
pilot02/PARTIAL/S02_20260717_232433,PARTIAL,45,INCONCLUSIVE,INCONCLUSIVE,temporal vote did not reach a fail-safe majority,,135.80660951327434,119.45711075774337,94.08586040211523,78.03587531305553,,,,,,,0,0,3
pilot02/PARTIAL/S02_20260717_232433,PARTIAL,50,INCONCLUSIVE,INCONCLUSIVE,temporal vote did not reach a fail-safe majority,,135.47605434181415,119.08490389933628,92.80506506957579,78.2386082292154,,,,,,,0,0,3
pilot02/PARTIAL/S02_20260717_232433,PARTIAL,55,INCONCLUSIVE,INCONCLUSIVE,temporal vote did not reach a fail-safe majority,,135.7105053926991,119.39198008849557,92.88830367673935,76.9065996596983,,,,,,,0,0,3
pilot02/PARTIAL/S02_20260717_232433,PARTIAL,60,INCONCLUSIVE,INCONCLUSIVE,temporal vote did not reach a fail-safe majority,,135.72244192477876,119.7207480641593,93.24870625085656,79.09000216071574,,,,,,,0,0,3
pilot02/PARTIAL/S02_20260717_232433,PARTIAL,65,INCONCLUSIVE,INCONCLUSIVE,temporal vote did not reach a fail-safe majority,,135.44874516039823,119.74802613384956,93.06293444229354,79.35063167352443,,,,,,,0,0,3
pilot02/PARTIAL/S02_20260717_232433,PARTIAL,70,INCONCLUSIVE,INCONCLUSIVE,temporal vote did not reach a fail-safe majority,,135.144641869469,119.9530800608407,91.99407458685141,80.16734505162765,,,,,,,0,0,3
pilot02/PARTIAL/S02_20260717_232433,PARTIAL,75,INCONCLUSIVE,INCONCLUSIVE,temporal vote did not reach a fail-safe majority,,131.96492325774335,116.39574806415929,75.43317165148008,75.13274063247775,,,,,,,0,0,3
pilot02/PARTIAL/S02_20260717_232433,PARTIAL,80,INCONCLUSIVE,INCONCLUSIVE,temporal vote did not reach a fail-safe majority,,128.7772020188053,112.78821902654867,78.99346248990284,82.48712629749777,,,,,,,0,0,3
pilot02/PARTIAL/S02_20260717_232433,PARTIAL,85,INCONCLUSIVE,INCONCLUSIVE,temporal vote did not reach a fail-safe majority,,127.13165099557523,112.28026133849558,79.65983718549423,92.18348585624852,,,,,,,0,0,3
pilot02/PARTIAL/S02_20260717_232433,PARTIAL,90,INCONCLUSIVE,INCONCLUSIVE,temporal vote did not reach a fail-safe majority,,126.1845754977876,113.16930309734514,82.43925355547829,107.74286148403496,,,,,,,0,0,3
pilot02/PARTIAL/S02_20260717_232433,PARTIAL,95,INCONCLUSIVE,INCONCLUSIVE,temporal vote did not reach a fail-safe majority,,125.98257397676991,113.38413993362832,82.18746442713689,115.31840077450025,,,,,,,0,0,3
pilot02/PARTIAL/S02_20260717_232433,PARTIAL,100,INCONCLUSIVE,INCONCLUSIVE,temporal vote did not reach a fail-safe majority,,125.8555240597345,113.89633227323009,79.42867071699784,109.31965804212439,,,,,,,0,0,3
pilot02/PARTIAL/S02_20260717_232433,PARTIAL,105,INCONCLUSIVE,INCONCLUSIVE,temporal vote did not reach a fail-safe majority,,125.34465915376106,115.80799917035398,82.05855684684153,129.31592970867277,,,,,,,0,0,3
pilot02/PARTIAL/S02_20260717_232433,PARTIAL,110,INCONCLUSIVE,INCONCLUSIVE,temporal vote did not reach a fail-safe majority,,125.04185564159292,117.38941509955752,83.46452969288414,147.5970303213517,,,,,,,0,0,3
pilot02/PARTIAL/S02_20260717_232433,PARTIAL,115,INCONCLUSIVE,INCONCLUSIVE,temporal vote did not reach a fail-safe majority,,125.85048396017699,122.26414200774336,81.5963373114865,135.170546085735,,,,,,,0,0,3
pilot02/PARTIAL/S02_20260717_232433,PARTIAL,120,INCONCLUSIVE,INCONCLUSIVE,temporal vote did not reach a fail-safe majority,,125.1289546460177,122.75198423672566,84.39168362702561,145.96949633524014,,,,,,,0,0,3
pilot02/PARTIAL/S02_20260717_232433,PARTIAL,125,INCONCLUSIVE,INCONCLUSIVE,temporal vote did not reach a fail-safe majority,,125.4249550608407,124.894921875,80.6960031374814,125.48139372419399,,,,,,,0,0,3
pilot02/PARTIAL/S02_20260717_232433,PARTIAL,130,INCONCLUSIVE,INCONCLUSIVE,temporal vote did not reach a fail-safe majority,,125.08319275442477,124.89494607300885,81.3512449797162,132.63190854346448,,,,,,,0,0,3
pilot02/PARTIAL/S02_20260717_232433,PARTIAL,135,INCONCLUSIVE,INCONCLUSIVE,temporal vote did not reach a fail-safe majority,,125.77827710176992,123.97308144358406,82.42794195456739,129.09859188791148,,,,,,,0,0,3
pilot02/PARTIAL/S02_20260717_232433,PARTIAL,140,INCONCLUSIVE,INCONCLUSIVE,temporal vote did not reach a fail-safe majority,,127.73657010508849,122.18615182522124,79.33181044449569,117.77303459244557,,,,,,,0,0,3
pilot02/PARTIAL/S02_20260717_232433,PARTIAL,145,INCONCLUSIVE,INCONCLUSIVE,temporal vote did not reach a fail-safe majority,,129.01028761061946,122.21024267146018,85.8998437262795,113.47144545240907,,,,,,,0,0,3
pilot02/PARTIAL/S02_20260717_232433,PARTIAL,150,INCONCLUSIVE,INCONCLUSIVE,temporal vote did not reach a fail-safe majority,,130.14992740597344,121.79809872787611,91.11937498848032,113.58885280644084,,,,,,,0,0,3
pilot02/PARTIAL/S02_20260717_232433,PARTIAL,155,INCONCLUSIVE,INCONCLUSIVE,temporal vote did not reach a fail-safe majority,,129.8517629977876,122.23874792588495,90.07433200986452,113.96080958618909,,,,,,,0,0,3
pilot02/PARTIAL/S02_20260717_232433,PARTIAL,160,INCONCLUSIVE,INCONCLUSIVE,temporal vote did not reach a fail-safe majority,,129.79436532079646,122.35588357300885,87.90241951867684,115.22477852010478,,,,,,,0,0,3
pilot02/PARTIAL/S02_20260717_232433,PARTIAL,165,INCONCLUSIVE,INCONCLUSIVE,temporal vote did not reach a fail-safe majority,,128.8116115873894,121.90612555309734,81.88563391917985,116.31701429528538,,,,,,,0,0,3
pilot02/PARTIAL/S02_20260717_232433,PARTIAL,170,INCONCLUSIVE,INCONCLUSIVE,temporal vote did not reach a fail-safe majority,,128.4801783738938,119.9803719579646,90.1530477406964,117.98597096422488,,,,,,,0,0,3
pilot02/PARTIAL/S02_20260717_232433,PARTIAL,175,INCONCLUSIVE,INCONCLUSIVE,temporal vote did not reach a fail-safe majority,,128.51802751659292,120.12578125,93.17518365893895,123.29815182807964,,,,,,,0,0,3
pilot02/PARTIAL/S02_20260717_232433,PARTIAL,180,INCONCLUSIVE,INCONCLUSIVE,temporal vote did not reach a fail-safe majority,,127.77100387168142,120.31974903207964,91.42302499286401,126.50805729026773,,,,,,,0,0,3
pilot02/PARTIAL/S02_20260717_232433,PARTIAL,185,INCONCLUSIVE,INCONCLUSIVE,temporal vote did not reach a fail-safe majority,,126.56868086283185,119.34678166482301,85.23308080363269,135.78050479595845,,,,,,,0,0,3
pilot02/PARTIAL/S02_20260717_232433,PARTIAL,190,INCONCLUSIVE,INCONCLUSIVE,temporal vote did not reach a fail-safe majority,,126.17977737831859,119.63669455199116,85.07945387190273,137.56558301059442,,,,,,,0,0,3
pilot02/PARTIAL/S02_20260717_232433,PARTIAL,195,INCONCLUSIVE,INCONCLUSIVE,temporal vote did not reach a fail-safe majority,,125.93399474557522,120.01615389933629,85.2797710732684,140.4450518297292,,,,,,,0,0,3
pilot02/PARTIAL/S02_20260717_232433,PARTIAL,200,INCONCLUSIVE,INCONCLUSIVE,temporal vote did not reach a fail-safe majority,,127.5302751659292,117.11139034845132,95.24864190008937,118.94024359719272,,,,,,,0,0,3
pilot02/PARTIAL/S02_20260717_232433,PARTIAL,205,INCONCLUSIVE,INCONCLUSIVE,temporal vote did not reach a fail-safe majority,,127.4718784568584,116.10230918141593,85.04963761756187,121.47726162656154,,,,,,,0,0,3
pilot02/PARTIAL/S02_20260717_232433,PARTIAL,210,INCONCLUSIVE,INCONCLUSIVE,temporal vote did not reach a fail-safe majority,,127.01505116150443,116.10150373340709,84.22781224680615,121.77306400399152,,,,,,,0,0,3
pilot02/PARTIAL/S02_20260717_232433,PARTIAL,215,INCONCLUSIVE,INCONCLUSIVE,temporal vote did not reach a fail-safe majority,,126.94610066371682,117.33240113384956,89.33961082428024,136.01188321910865,,,,,,,0,0,3
pilot02/SCREEN_SPOOF/S02_20260717_231946,SCREEN_SPOOF,0,INCONCLUSIVE,,geometry is ambiguous under current thresholds,478,73.41971446349558,90.62613039269911,228.39790656435804,195.43510020530067,52.9742051740201,0.799163179916318,1.8151901596451063,4.993318891672723,0.9414225941422594,0.6746650615328177,,,
pilot02/SCREEN_SPOOF/S02_20260717_231946,SCREEN_SPOOF,5,LIVE,,homography fails while epipolar geometry remains consistent,478,109.3530282079646,99.68279175884956,128.54964893574984,154.2444690157938,56.788983508355024,0.7071129707112971,2.5579646937797453,8.17313250040978,0.8891213389121339,0.8584946799723561,,,
pilot02/SCREEN_SPOOF/S02_20260717_231946,SCREEN_SPOOF,10,SPOOF,INCONCLUSIVE,temporal vote did not reach a fail-safe majority,478,112.20969303097345,116.57103498340707,153.24079590129355,170.1051899504977,59.08164758358084,0.9728033472803347,0.9925289508508413,2.167045799177512,0.99581589958159,0.3982105680302456,1,1,1
pilot02/SCREEN_SPOOF/S02_20260717_231946,SCREEN_SPOOF,15,INCONCLUSIVE,INCONCLUSIVE,temporal vote did not reach a fail-safe majority,,102.55973105641593,132.73635577986727,157.8961473341733,177.2913578537911,,,,,,,1,1,1
pilot02/SCREEN_SPOOF/S02_20260717_231946,SCREEN_SPOOF,20,INCONCLUSIVE,INCONCLUSIVE,temporal vote did not reach a fail-safe majority,,93.55647123893806,129.09979258849557,170.0617171715536,196.48189271391377,,,,,,,0,1,2
pilot02/SCREEN_SPOOF/S02_20260717_231946,SCREEN_SPOOF,25,INCONCLUSIVE,INCONCLUSIVE,temporal vote did not reach a fail-safe majority,478,95.24651548672567,124.45306277654868,117.21395943274129,184.55322177720564,60.196026672243754,0.8514644351464435,1.4198632298128284,3.553756342070264,0.9539748953974896,0.5728537472684069,0,0,3
pilot02/SCREEN_SPOOF/S02_20260717_231946,SCREEN_SPOOF,30,INCONCLUSIVE,INCONCLUSIVE,temporal vote did not reach a fail-safe majority,478,108.72463011615044,118.45538924225664,125.48539780104036,186.53787783457614,59.94352413368889,0.8347280334728033,1.4405141734653761,3.4474814783281404,0.9560669456066946,0.584901459548242,0,0,3
pilot02/SCREEN_SPOOF/S02_20260717_231946,SCREEN_SPOOF,35,LIVE,INCONCLUSIVE,temporal vote did not reach a fail-safe majority,478,104.3234409568584,116.10057729535399,115.97881148484181,163.3423769784659,59.2378502686612,0.7343096234309623,2.6512980444095504,10.21361530992642,0.9267782426778243,0.6277518081611752,1,0,2
pilot02/SCREEN_SPOOF/S02_20260717_231946,SCREEN_SPOOF,40,SPOOF,INCONCLUSIVE,temporal vote did not reach a fail-safe majority,478,106.39430655420354,119.36877419800885,234.227457850036,194.20430664597853,61.26711183550783,0.9476987447698745,1.0407360544224828,2.461041648290368,0.9937238493723849,0.4049055297960613,1,1,1
pilot02/SCREEN_SPOOF/S02_20260717_231946,SCREEN_SPOOF,45,SPOOF,INCONCLUSIVE,temporal vote did not reach a fail-safe majority,478,98.01466399336283,117.63864422013275,262.14271223111405,214.3921048962724,61.63493055180728,1.0,0.5035321311405373,1.1149988805997944,1.0,0.3773625410039508,1,2,0
pilot02/SCREEN_SPOOF/S02_20260717_231946,SCREEN_SPOOF,50,SPOOF,SPOOF,3/3 samples voted SPOOF,478,98.2974073561947,118.8427786227876,238.78857056590175,205.5755150477042,64.2796879397798,0.9728033472803347,0.6955696968866992,1.7635026335231925,1.0,0.274909161643108,0,3,0
pilot02/SCREEN_SPOOF/S02_20260717_231946,SCREEN_SPOOF,55,SPOOF,SPOOF,3/3 samples voted SPOOF,478,94.68026825221239,117.94802267699114,208.94666631110223,185.8810373171211,62.579229646381265,0.9246861924686193,0.9579972396618239,2.678533018256986,0.9853556485355649,0.5996926431726656,0,3,0
pilot02/SCREEN_SPOOF/S02_20260717_231946,SCREEN_SPOOF,60,SPOOF,SPOOF,3/3 samples voted SPOOF,478,98.2615251659292,121.32108683628319,234.68370101460275,201.40393666766528,61.848720854800625,0.9853556485355649,0.5643098053144899,1.2215887074467742,1.0,0.30272931059395786,0,3,0
pilot02/SCREEN_SPOOF/S02_20260717_231946,SCREEN_SPOOF,65,INCONCLUSIVE,INCONCLUSIVE,temporal vote did not reach a fail-safe majority,478,96.75884610066372,121.52755461836283,154.6233300590052,147.33522538544736,59.935056195059374,0.8619246861924686,1.5665897556549326,4.31611674091779,0.9058577405857741,0.7843414560883685,0,2,1
pilot02/SCREEN_SPOOF/S02_20260717_231946,SCREEN_SPOOF,70,LIVE,INCONCLUSIVE,temporal vote did not reach a fail-safe majority,478,85.97333033738938,114.78855088495575,183.7471230055834,238.04315228776727,55.73988891273264,0.7489539748953975,1.8284966044809676,4.485933043350464,0.9205020920502092,0.672148574444678,1,1,1
pilot02/SCREEN_SPOOF/S02_20260717_231946,SCREEN_SPOOF,75,INCONCLUSIVE,INCONCLUSIVE,temporal vote did not reach a fail-safe majority,478,106.16941025995575,105.36385163163717,235.2242492486973,235.13997721846897,54.202058657668296,0.9205020920502092,1.3253869182977112,3.6413189743116554,0.9811715481171548,0.5017282432507107,1,0,2
pilot02/SCREEN_SPOOF/S02_20260717_231946,SCREEN_SPOOF,80,INCONCLUSIVE,INCONCLUSIVE,temporal vote did not reach a fail-safe majority,478,109.18827433628319,112.49082895464602,245.06411549528366,255.11682106077217,50.81530916845806,0.8493723849372385,1.9596091673370393,4.664679050700869,0.9497907949790795,0.6606720292730527,1,0,2
pilot02/SCREEN_SPOOF/S02_20260717_231946,SCREEN_SPOOF,85,INCONCLUSIVE,INCONCLUSIVE,temporal vote did not reach a fail-safe majority,,116.49446211283185,127.78477945243363,246.9455247870394,287.4847638167337,,,,,,,0,0,3
pilot02/SCREEN_SPOOF/S02_20260717_231946,SCREEN_SPOOF,90,INCONCLUSIVE,INCONCLUSIVE,temporal vote did not reach a fail-safe majority,,116.00056001106195,127.2307141869469,226.19269505723884,291.2627249056243,,,,,,,0,0,3
pilot02/SCREEN_SPOOF/S02_20260717_231946,SCREEN_SPOOF,95,INCONCLUSIVE,INCONCLUSIVE,temporal vote did not reach a fail-safe majority,,106.24480434181416,126.76348174778761,204.0868092629881,274.08950405434234,,,,,,,0,0,3
pilot02/SCREEN_SPOOF/S02_20260717_231946,SCREEN_SPOOF,100,INCONCLUSIVE,INCONCLUSIVE,temporal vote did not reach a fail-safe majority,,116.86909914269911,125.78592367256637,206.61366710020238,275.49752702112977,,,,,,,0,0,3
pilot02/SCREEN_SPOOF/S02_20260717_231946,SCREEN_SPOOF,105,INCONCLUSIVE,INCONCLUSIVE,temporal vote did not reach a fail-safe majority,,121.33978498340709,126.63419178650443,236.3149558366741,279.884568179496,,,,,,,0,0,3
pilot02/SCREEN_SPOOF/S02_20260717_231946,SCREEN_SPOOF,110,LIVE,INCONCLUSIVE,temporal vote did not reach a fail-safe majority,478,119.34732439159292,124.3355987278761,246.02143000585173,272.65762980350365,47.850092172642974,0.7280334728033473,2.4760767528569336,7.128914094537442,0.9121338912133892,0.8616164833829676,1,0,2
pilot02/SCREEN_SPOOF/S02_20260717_231946,SCREEN_SPOOF,115,INCONCLUSIVE,INCONCLUSIVE,temporal vote did not reach a fail-safe majority,,111.58343473451328,122.60284153761062,210.15235758841555,270.34851473046854,,,,,,,1,0,2
pilot02/SCREEN_SPOOF/S02_20260717_231946,SCREEN_SPOOF,120,INCONCLUSIVE,INCONCLUSIVE,temporal vote did not reach a fail-safe majority,,113.48245990044248,126.70775027654867,164.24219078687148,217.25129277250448,,,,,,,1,0,2
pilot02/SCREEN_SPOOF/S02_20260717_231946,SCREEN_SPOOF,125,INCONCLUSIVE,INCONCLUSIVE,temporal vote did not reach a fail-safe majority,,99.38123617256637,125.3185529590708,147.9075082696447,212.21709140349483,,,,,,,0,0,3
pilot02/SCREEN_SPOOF/S02_20260717_231946,SCREEN_SPOOF,130,INCONCLUSIVE,INCONCLUSIVE,temporal vote did not reach a fail-safe majority,478,96.87890625,126.30627765486726,178.64282639873852,212.83661533170192,50.694102930237776,0.7845188284518828,2.1831798927440818,4.463074120611391,0.9414225941422594,0.8802388217869399,0,0,3
pilot02/SCREEN_SPOOF/S02_20260717_231946,SCREEN_SPOOF,135,LIVE,INCONCLUSIVE,temporal vote did not reach a fail-safe majority,478,95.21460868362831,121.79749032079646,213.59399286388896,261.504383701752,50.636866592687205,0.5292887029288703,3.4574184938316828,8.251858014337843,0.9079497907949791,1.0189322942517323,1,0,2
pilot02/SCREEN_SPOOF/S02_20260717_231946,SCREEN_SPOOF,140,INCONCLUSIVE,INCONCLUSIVE,temporal vote did not reach a fail-safe majority,,109.72379009955752,123.69479397123894,185.78228776036568,198.88708093220615,,,,,,,1,0,2
pilot02/SCREEN_SPOOF/S02_20260717_231946,SCREEN_SPOOF,145,INCONCLUSIVE,INCONCLUSIVE,temporal vote did not reach a fail-safe majority,478,112.97879908738938,118.04279590707965,227.62141955049216,231.07132721479033,50.44992800040437,0.8891213389121339,1.6718904188843309,3.849399426057168,0.9728033472803347,0.5245063520490743,1,0,2
pilot02/SCREEN_SPOOF/S02_20260717_231946,SCREEN_SPOOF,150,LIVE,INCONCLUSIVE,temporal vote did not reach a fail-safe majority,478,104.67542865044248,119.89483891039824,203.36488059516577,240.6490959702357,48.82111143165762,0.7175732217573222,2.592236855665053,6.761342462389777,0.8744769874476988,1.048617587636222,1,0,2
pilot02/SCREEN_SPOOF/S02_20260717_231946,SCREEN_SPOOF,155,INCONCLUSIVE,INCONCLUSIVE,temporal vote did not reach a fail-safe majority,478,107.79367394911505,121.18294040376107,207.51378788403963,241.7479994510325,50.795668449778695,0.8117154811715481,1.950745551134126,4.136286445380715,0.9016736401673641,0.9747353675162711,1,0,2
pilot02/SCREEN_SPOOF/S02_20260717_231946,SCREEN_SPOOF,160,INCONCLUSIVE,INCONCLUSIVE,temporal vote did not reach a fail-safe majority,,110.58182038163717,122.53713011615044,197.059181911323,228.12746557959431,,,,,,,1,0,2
pilot02/SCREEN_SPOOF/S02_20260717_231946,SCREEN_SPOOF,165,INCONCLUSIVE,INCONCLUSIVE,temporal vote did not reach a fail-safe majority,478,108.11696971792036,125.72421183628319,205.21069606554255,211.22272752943329,52.55634592704594,0.8786610878661087,1.6351565043367429,3.382489063684063,0.9874476987447699,0.710791582514706,0,0,3
pilot02/SCREEN_SPOOF/S02_20260717_231946,SCREEN_SPOOF,170,INCONCLUSIVE,INCONCLUSIVE,temporal vote did not reach a fail-safe majority,478,103.71949322455752,114.56646501659291,218.11715014173072,198.13711982951114,51.96294976020099,0.9372384937238494,1.1937208072876924,3.1312633380399926,0.9811715481171548,0.5653209747513632,0,0,3
pilot02/SCREEN_SPOOF/S02_20260717_231946,SCREEN_SPOOF,175,INCONCLUSIVE,INCONCLUSIVE,temporal vote did not reach a fail-safe majority,478,97.0972137721239,111.03602046460178,258.5888784142117,198.5257082165887,51.27846719491354,0.9476987447698745,1.2836471084800551,2.97185456009819,1.0,0.6431584354258729,0,0,3
pilot02/SCREEN_SPOOF/S02_20260717_231946,SCREEN_SPOOF,180,INCONCLUSIVE,INCONCLUSIVE,temporal vote did not reach a fail-safe majority,478,102.4498029590708,108.8887202710177,214.0981186196776,184.71139454322616,49.782447177604794,0.8702928870292888,1.876539365099588,4.328047764283725,0.9874476987447699,0.6328624972598905,0,0,3
pilot02/SCREEN_SPOOF/S02_20260717_231946,SCREEN_SPOOF,185,INCONCLUSIVE,INCONCLUSIVE,temporal vote did not reach a fail-safe majority,,110.1688018528761,111.63370436946903,194.5123749204115,221.8906729646752,,,,,,,0,0,3
pilot02/SCREEN_SPOOF/S02_20260717_231946,SCREEN_SPOOF,190,INCONCLUSIVE,INCONCLUSIVE,temporal vote did not reach a fail-safe majority,,113.22227253871681,115.85607370022124,175.83353877600902,223.21664476576143,,,,,,,0,0,3
pilot02/SCREEN_SPOOF/S02_20260717_231946,SCREEN_SPOOF,195,INCONCLUSIVE,INCONCLUSIVE,temporal vote did not reach a fail-safe majority,,118.62870920907079,121.33809112278762,167.01439859152907,220.51580764036785,,,,,,,0,0,3
pilot02/SCREEN_SPOOF/S02_20260717_231946,SCREEN_SPOOF,200,INCONCLUSIVE,INCONCLUSIVE,temporal vote did not reach a fail-safe majority,,120.49478014380531,121.21631637168142,206.9003350144992,236.83075150094191,,,,,,,0,0,3
pilot02/SCREEN_SPOOF/S02_20260717_231946,SCREEN_SPOOF,205,INCONCLUSIVE,INCONCLUSIVE,temporal vote did not reach a fail-safe majority,,121.06779590707964,121.85987970132743,226.8284073821092,237.76482621446198,,,,,,,0,0,3
pilot02/SCREEN_SPOOF/S02_20260717_231946,SCREEN_SPOOF,210,INCONCLUSIVE,INCONCLUSIVE,temporal vote did not reach a fail-safe majority,,119.20456305309735,125.6051265210177,227.9829457601708,233.5722863300021,,,,,,,0,0,3
pilot02/SCREEN_SPOOF/S02_20260717_231946,SCREEN_SPOOF,215,INCONCLUSIVE,INCONCLUSIVE,temporal vote did not reach a fail-safe majority,,118.81612278761062,125.83112555309735,224.17112039055036,229.24078392710547,,,,,,,0,0,3
pilot02/SCREEN_SPOOF/S02_20260717_231946,SCREEN_SPOOF,220,INCONCLUSIVE,INCONCLUSIVE,temporal vote did not reach a fail-safe majority,,118.7844233960177,126.52557383849557,226.78252283485133,240.95660188811007,,,,,,,0,0,3
pilot02/SCREEN_SPOOF/S02_20260717_231946,SCREEN_SPOOF,225,INCONCLUSIVE,INCONCLUSIVE,temporal vote did not reach a fail-safe majority,,116.83768667035399,123.35405835176991,212.79335608945493,242.66777470686299,,,,,,,0,0,3
pilot02/SCREEN_SPOOF/S02_20260717_231946,SCREEN_SPOOF,230,INCONCLUSIVE,INCONCLUSIVE,temporal vote did not reach a fail-safe majority,,112.90278968473451,122.5710453539823,198.2903771213481,228.76884674901586,,,,,,,0,0,3
pilot02/SCREEN_SPOOF/S02_20260717_231946,SCREEN_SPOOF,235,INCONCLUSIVE,INCONCLUSIVE,temporal vote did not reach a fail-safe majority,478,110.25237486172567,124.65856263827433,217.30759078646088,239.13111808184738,50.52978452914911,0.9037656903765691,1.5233651616831017,3.915178646649315,0.9937238493723849,0.5430621460887961,0,0,3
pilot02/SCREEN_SPOOF/S02_20260717_231946,SCREEN_SPOOF,240,INCONCLUSIVE,INCONCLUSIVE,temporal vote did not reach a fail-safe majority,,107.80314919800885,125.45730434181417,240.26402337276758,242.43767627338153,,,,,,,0,0,3
pilot02/SCREEN_SPOOF/S02_20260717_231946,SCREEN_SPOOF,245,LIVE,INCONCLUSIVE,temporal vote did not reach a fail-safe majority,478,106.19495990044248,125.25992464048673,240.9456788895164,240.4544937495392,50.009464358699525,0.604602510460251,3.1104078159229402,8.148892064344853,0.8368200836820083,1.194867246398825,1,0,2
pilot02/SCREEN_SPOOF/S02_20260717_231946,SCREEN_SPOOF,250,INCONCLUSIVE,INCONCLUSIVE,temporal vote did not reach a fail-safe majority,,105.01926507190265,124.92331305309735,244.49020500364148,246.19597868398435,,,,,,,1,0,2
pilot02/SCREEN_SPOOF/S02_20260717_231946,SCREEN_SPOOF,255,INCONCLUSIVE,INCONCLUSIVE,temporal vote did not reach a fail-safe majority,478,103.27085868362832,126.25113730641593,221.6713790772861,218.56129486497449,51.15027191693843,0.7949790794979079,2.3240116615745756,6.371455401290092,0.9435146443514645,0.8516876830280176,1,0,2
pilot02/SCREEN_SPOOF/S02_20260717_231946,SCREEN_SPOOF,260,INCONCLUSIVE,INCONCLUSIVE,temporal vote did not reach a fail-safe majority,478,103.34621128318584,115.24217712942477,228.1808985217107,216.07966245009686,52.48840636890047,0.895397489539749,1.5363406704859321,3.6189528802162156,0.9748953974895398,0.6644383331336988,0,0,3
pilot02/SCREEN_SPOOF/S02_20260717_231946,SCREEN_SPOOF,265,INCONCLUSIVE,INCONCLUSIVE,temporal vote did not reach a fail-safe majority,,110.68879286504425,113.67373824668141,235.99744683176587,226.57264988873763,,,,,,,0,0,3
pilot02/SCREEN_SPOOF/S02_20260717_231946,SCREEN_SPOOF,270,INCONCLUSIVE,INCONCLUSIVE,temporal vote did not reach a fail-safe majority,,112.6179652931416,113.57524889380531,240.07671299426147,223.3320656040122,,,,,,,0,0,3
pilot02/SCREEN_SPOOF/S02_20260717_231946,SCREEN_SPOOF,275,INCONCLUSIVE,INCONCLUSIVE,temporal vote did not reach a fail-safe majority,,112.62883019911504,113.9434561670354,250.61107861247825,222.60811986584588,,,,,,,0,0,3
pilot02/SCREEN_SPOOF/S02_20260717_231946,SCREEN_SPOOF,280,INCONCLUSIVE,INCONCLUSIVE,temporal vote did not reach a fail-safe majority,,111.25504009955752,114.22451949668141,252.4585742511461,223.70433760444712,,,,,,,0,0,3
pilot02/SCREEN_SPOOF/S02_20260717_231946,SCREEN_SPOOF,285,INCONCLUSIVE,INCONCLUSIVE,temporal vote did not reach a fail-safe majority,,111.93758642146018,113.02076880530973,216.78213656696514,222.54593814394264,,,,,,,0,0,3
pilot02/SCREEN_SPOOF/S02_20260717_231946,SCREEN_SPOOF,290,INCONCLUSIVE,INCONCLUSIVE,temporal vote did not reach a fail-safe majority,478,131.02039200774337,118.90329784292035,171.06299817276684,199.340545134609,50.28851412034517,0.8577405857740585,1.597313850996715,3.7970738609470143,0.9497907949790795,0.8470250886203855,0,0,3
pilot02/SCREEN_SPOOF/S02_20260717_231946,SCREEN_SPOOF,295,INCONCLUSIVE,INCONCLUSIVE,temporal vote did not reach a fail-safe majority,478,127.67030212942478,117.25745990044248,210.7933347546349,226.38817898252222,47.45523339020976,0.8786610878661087,1.5970751691569411,4.621609749116959,0.9686192468619247,0.4619750564639241,0,0,3
pilot02/SCREEN_SPOOF/S02_20260717_231946,SCREEN_SPOOF,300,INCONCLUSIVE,INCONCLUSIVE,temporal vote did not reach a fail-safe majority,478,127.19359098451328,116.08227323008849,213.77787857875424,229.23988397785132,48.27736256488421,0.9037656903765691,1.4220987054933947,4.119937077172194,0.9476987447698745,0.6291423273457407,0,0,3
pilot02/SCREEN_SPOOF/S02_20260717_232115,SCREEN_SPOOF,0,INCONCLUSIVE,,geometry is ambiguous under current thresholds,478,103.93298879977876,119.52220685840707,180.88261545810286,223.8264376138082,50.722001279857174,0.7615062761506276,2.0932250534273664,5.250710845633446,0.9539748953974896,0.7146991078197985,,,
pilot02/SCREEN_SPOOF/S02_20260717_232115,SCREEN_SPOOF,5,SPOOF,,single homography explains the face landmarks,478,117.57533185840708,126.86581167035398,101.6803482288567,174.27974645759966,51.69576521309693,0.9581589958158996,1.0591255368562456,2.673953948591192,1.0,0.5340261250808825,,,
pilot02/SCREEN_SPOOF/S02_20260717_232115,SCREEN_SPOOF,10,INCONCLUSIVE,INCONCLUSIVE,temporal vote did not reach a fail-safe majority,478,112.41619192477876,125.9258296460177,225.2492909171652,218.89604414556365,48.03486270575065,0.9142259414225942,1.5232881394124262,3.370448196335841,1.0,0.5305040408686778,0,1,2
pilot02/SCREEN_SPOOF/S02_20260717_232115,SCREEN_SPOOF,15,INCONCLUSIVE,INCONCLUSIVE,temporal vote did not reach a fail-safe majority,,112.09376382743363,127.15511960730089,210.1275953089968,210.7724659120397,,,,,,,0,1,2
pilot02/SCREEN_SPOOF/S02_20260717_232115,SCREEN_SPOOF,20,INCONCLUSIVE,INCONCLUSIVE,temporal vote did not reach a fail-safe majority,,113.47635508849558,125.22764449668142,186.86618630947507,211.87463819421478,,,,,,,0,0,3
pilot02/SCREEN_SPOOF/S02_20260717_232115,SCREEN_SPOOF,25,INCONCLUSIVE,INCONCLUSIVE,temporal vote did not reach a fail-safe majority,,112.8008261891593,123.84921875,180.55851247939987,193.7154175653606,,,,,,,0,0,3
pilot02/SCREEN_SPOOF/S02_20260717_232115,SCREEN_SPOOF,30,LIVE,INCONCLUSIVE,temporal vote did not reach a fail-safe majority,478,111.13771432522124,118.87889587942477,160.54498851644973,199.7817300300918,53.0717787866993,0.6338912133891214,3.051334446852537,8.384104247245888,1.0,0.37267632799733946,1,0,2
pilot02/SCREEN_SPOOF/S02_20260717_232115,SCREEN_SPOOF,35,INCONCLUSIVE,INCONCLUSIVE,temporal vote did not reach a fail-safe majority,478,106.53148160951328,115.89698216261061,130.53810295123503,177.9940815966571,56.234173301440336,0.8870292887029289,1.4611989089336543,3.1597633586298106,0.9372384937238494,0.7403541745292433,1,0,2
pilot02/SCREEN_SPOOF/S02_20260717_232115,SCREEN_SPOOF,40,SPOOF,INCONCLUSIVE,temporal vote did not reach a fail-safe majority,478,98.42717782079646,110.07384886615044,156.20117771895252,170.25932967795495,59.75730854549713,1.0,0.42368450185068085,0.9134606164350004,0.9916317991631799,0.581279803679008,1,1,1
pilot02/SCREEN_SPOOF/S02_20260717_232115,SCREEN_SPOOF,45,INCONCLUSIVE,INCONCLUSIVE,temporal vote did not reach a fail-safe majority,478,92.7368673949115,113.65534775995575,174.88994736321243,163.6143399384599,58.81991455292493,0.9602510460251046,1.1022362455406987,2.5061702096773235,0.9769874476987448,0.457636602151152,0,1,2
pilot02/SCREEN_SPOOF/S02_20260717_232115,SCREEN_SPOOF,50,INCONCLUSIVE,INCONCLUSIVE,temporal vote did not reach a fail-safe majority,478,92.02487209623894,111.11515832411504,217.37802723051303,164.40764054393924,54.78732645447495,0.9539748953974896,1.1322984825362072,2.6078279479198176,0.9937238493723849,0.4811637395561957,0,1,2
pilot02/SCREEN_SPOOF/S02_20260717_232115,SCREEN_SPOOF,55,SPOOF,INCONCLUSIVE,temporal vote did not reach a fail-safe majority,478,94.68199322455752,114.39221861172567,214.9141726697237,169.12032968826287,56.067587244615616,0.9937238493723849,0.637767868187443,1.6302888420714527,1.0,0.24920398500731766,0,1,2
pilot02/SCREEN_SPOOF/S02_20260717_232115,SCREEN_SPOOF,60,SPOOF,INCONCLUSIVE,temporal vote did not reach a fail-safe majority,478,106.05613592367257,118.87183351769912,135.2059782167444,164.40875427163638,53.99813882079767,0.9811715481171548,0.9543741902872769,2.246466488831669,0.9665271966527197,0.5639206875523294,0,2,1
pilot02/SCREEN_SPOOF/S02_20260717_232115,SCREEN_SPOOF,65,LIVE,INCONCLUSIVE,temporal vote did not reach a fail-safe majority,478,119.3916966261062,121.01745713495575,138.0696415812262,189.39249783410995,50.93536578397805,0.6108786610878661,2.687108208839305,5.678527080084383,0.9267782426778243,0.8511609455138603,1,2,0
pilot02/SCREEN_SPOOF/S02_20260717_232115,SCREEN_SPOOF,70,INCONCLUSIVE,INCONCLUSIVE,temporal vote did not reach a fail-safe majority,,125.37169870022124,122.0234375,163.87325190607837,215.88692473897996,,,,,,,1,1,1
pilot02/SCREEN_SPOOF/S02_20260717_232115,SCREEN_SPOOF,75,INCONCLUSIVE,INCONCLUSIVE,temporal vote did not reach a fail-safe majority,,130.1508261891593,127.01420077433629,96.20648445070243,160.2081523351724,,,,,,,1,0,2
pilot02/SCREEN_SPOOF/S02_20260717_232115,SCREEN_SPOOF,80,SPOOF,INCONCLUSIVE,temporal vote did not reach a fail-safe majority,478,128.73855779867256,125.62224834070797,102.9187313880296,175.83824211747378,53.86266507088194,0.9581589958158996,0.9540455887127522,2.486398565791347,0.9602510460251046,0.7565233081663895,0,1,2
pilot02/SCREEN_SPOOF/S02_20260717_232115,SCREEN_SPOOF,85,SPOOF,INCONCLUSIVE,temporal vote did not reach a fail-safe majority,478,119.60464947455752,128.33687776548672,116.05670983624537,158.17635839811965,49.48398759927328,0.997907949790795,0.974787062028695,2.3763765005982878,1.0,0.40340174617351526,0,2,1
pilot02/SCREEN_SPOOF/S02_20260717_232115,SCREEN_SPOOF,90,INCONCLUSIVE,INCONCLUSIVE,temporal vote did not reach a fail-safe majority,478,117.77829092920354,131.95765694137168,146.7976135142892,192.18312891267425,47.22608287654513,0.9121338912133892,1.4544048912901806,3.7023546233652276,1.0,0.4868489296235817,0,2,1
pilot02/SCREEN_SPOOF/S02_20260717_232115,SCREEN_SPOOF,95,INCONCLUSIVE,INCONCLUSIVE,temporal vote did not reach a fail-safe majority,,120.97263550884956,132.65157287057522,174.27545078254585,202.89741664409974,,,,,,,0,1,2
pilot02/SCREEN_SPOOF/S02_20260717_232115,SCREEN_SPOOF,100,INCONCLUSIVE,INCONCLUSIVE,temporal vote did not reach a fail-safe majority,,119.77428443030973,135.4998064159292,185.73973313033977,196.43049636184773,,,,,,,0,0,3
pilot02/SCREEN_SPOOF/S02_20260717_232115,SCREEN_SPOOF,105,INCONCLUSIVE,INCONCLUSIVE,temporal vote did not reach a fail-safe majority,,118.88585799225663,136.98659430309735,189.8258151168399,206.1745308920297,,,,,,,0,0,3
pilot02/SCREEN_SPOOF/S02_20260717_232115,SCREEN_SPOOF,110,INCONCLUSIVE,INCONCLUSIVE,temporal vote did not reach a fail-safe majority,,120.8645533738938,137.58976078539823,196.033613266229,207.03285434317502,,,,,,,0,0,3
pilot02/SCREEN_SPOOF/S02_20260717_232115,SCREEN_SPOOF,115,INCONCLUSIVE,INCONCLUSIVE,temporal vote did not reach a fail-safe majority,,121.09226355088495,136.50137928650443,204.96202393204294,210.22079959959905,,,,,,,0,0,3
pilot02/SCREEN_SPOOF/S02_20260717_232115,SCREEN_SPOOF,120,INCONCLUSIVE,INCONCLUSIVE,temporal vote did not reach a fail-safe majority,,119.02908254977876,135.92712942477877,211.31284184352728,209.39504197682237,,,,,,,0,0,3
pilot02/SCREEN_SPOOF/S02_20260717_232115,SCREEN_SPOOF,125,INCONCLUSIVE,INCONCLUSIVE,temporal vote did not reach a fail-safe majority,,120.13651479535399,134.9099142699115,166.1279091377267,193.24036758496942,,,,,,,0,0,3
pilot02/SCREEN_SPOOF/S02_20260717_232115,SCREEN_SPOOF,130,INCONCLUSIVE,INCONCLUSIVE,temporal vote did not reach a fail-safe majority,,125.33601355088496,132.33449944690267,162.23661779270594,188.342315086265,,,,,,,0,0,3
pilot02/SCREEN_SPOOF/S02_20260717_232115,SCREEN_SPOOF,135,INCONCLUSIVE,INCONCLUSIVE,temporal vote did not reach a fail-safe majority,,124.85083310287611,128.35663025442477,175.39363736105074,211.4316160651969,,,,,,,0,0,3
pilot02/SCREEN_SPOOF/S02_20260717_232115,SCREEN_SPOOF,140,INCONCLUSIVE,INCONCLUSIVE,temporal vote did not reach a fail-safe majority,,121.37606471238938,126.1453574391593,158.97414727685933,204.71807529684574,,,,,,,0,0,3
pilot02/SCREEN_SPOOF/S02_20260717_232115,SCREEN_SPOOF,145,INCONCLUSIVE,INCONCLUSIVE,temporal vote did not reach a fail-safe majority,478,117.43757259402655,124.83352115597346,156.95811583736543,196.38099764922876,51.67502026201464,0.9163179916317992,1.3869631537599691,3.56577050778363,0.9644351464435147,0.7533034938623695,0,0,3
pilot02/SCREEN_SPOOF/S02_20260717_232115,SCREEN_SPOOF,150,INCONCLUSIVE,INCONCLUSIVE,temporal vote did not reach a fail-safe majority,,113.91069206305309,124.56004908738939,166.63045964090085,200.073921446363,,,,,,,0,0,3
pilot02/SCREEN_SPOOF/S02_20260717_232115,SCREEN_SPOOF,155,INCONCLUSIVE,INCONCLUSIVE,temporal vote did not reach a fail-safe majority,478,112.5069344579646,126.18061048119469,160.08674020210796,190.2057210501755,50.1882638064371,0.8430962343096234,2.1356095333677114,6.794602689085788,0.9623430962343096,0.7056839685191043,0,0,3
pilot02/SCREEN_SPOOF/S02_20260717_232115,SCREEN_SPOOF,160,INCONCLUSIVE,INCONCLUSIVE,temporal vote did not reach a fail-safe majority,478,108.98187914823009,126.5672842920354,183.86543694824104,189.3898120651466,49.355066245505775,0.9518828451882845,1.2088914782954996,2.987404453472186,0.9581589958158996,0.6845918323422531,0,0,3
pilot02/SCREEN_SPOOF/S02_20260717_232115,SCREEN_SPOOF,165,LIVE,INCONCLUSIVE,temporal vote did not reach a fail-safe majority,478,109.86531733960177,126.29401617809735,193.55436467258772,184.4545418714269,48.65916396796697,0.7092050209205021,2.504147109729146,5.621253372393898,0.9435146443514645,0.8718670939368565,1,0,2
pilot02/SCREEN_SPOOF/S02_20260717_232115,SCREEN_SPOOF,170,INCONCLUSIVE,INCONCLUSIVE,temporal vote did not reach a fail-safe majority,,106.67040237831858,121.22953885508849,208.61677900123283,171.38501346471924,,,,,,,1,0,2
pilot02/SCREEN_SPOOF/S02_20260717_232115,SCREEN_SPOOF,175,INCONCLUSIVE,INCONCLUSIVE,temporal vote did not reach a fail-safe majority,478,105.66126590154867,125.65388205199115,202.93062717736194,200.8462825200776,48.155652085350255,0.9581589958158996,1.2023032921946242,2.9480621747456284,0.9895397489539749,0.5396616522331702,1,0,2
pilot02/SCREEN_SPOOF/S02_20260717_232115,SCREEN_SPOOF,180,INCONCLUSIVE,INCONCLUSIVE,temporal vote did not reach a fail-safe majority,478,107.96615735619469,129.25045976216813,176.39139779607638,194.76379227610687,49.477061739000966,0.9602510460251046,1.104804063029133,2.826276435122365,0.9916317991631799,0.38016598083109737,0,0,3
pilot02/SCREEN_SPOOF/S02_20260717_232115,SCREEN_SPOOF,185,INCONCLUSIVE,INCONCLUSIVE,temporal vote did not reach a fail-safe majority,478,96.92809388827433,127.21236863938053,120.4225327552152,138.72233794293675,49.91613666654565,0.9246861924686193,1.368228121809217,3.196264558106042,1.0,0.4952182674321381,0,0,3
pilot02/SCREEN_SPOOF/S02_20260717_232115,SCREEN_SPOOF,190,INCONCLUSIVE,INCONCLUSIVE,temporal vote did not reach a fail-safe majority,,97.88713011615044,125.74332826327434,103.98702979956064,137.49385215704905,,,,,,,0,0,3
pilot02/SCREEN_SPOOF/S02_20260717_232156,SCREEN_SPOOF,0,INCONCLUSIVE,,geometry is ambiguous under current thresholds,478,115.50715569690266,123.05640555862831,201.41886059838944,227.33209954164315,48.539009140302824,0.9748953974895398,1.2027850921776475,2.7103607350117755,0.9665271966527197,0.7778545288551282,,,
pilot02/SCREEN_SPOOF/S02_20260717_232156,SCREEN_SPOOF,5,INCONCLUSIVE,,face landmarks missing in one or both cameras,,125.16643390486726,123.23814643252213,207.91313803261193,247.91845926974742,,,,,,,,,
pilot02/SCREEN_SPOOF/S02_20260717_232156,SCREEN_SPOOF,10,INCONCLUSIVE,INCONCLUSIVE,temporal vote did not reach a fail-safe majority,478,118.66734997234514,122.11392076880531,220.1537740450505,272.0271480176294,48.07107156103037,0.8472803347280334,1.851834905997079,5.635060992403338,0.9205020920502092,0.9056670055868682,0,0,3
pilot02/SCREEN_SPOOF/S02_20260717_232156,SCREEN_SPOOF,15,INCONCLUSIVE,INCONCLUSIVE,temporal vote did not reach a fail-safe majority,,118.34024820243363,121.0962354811947,192.317715084743,265.0424481532422,,,,,,,0,0,3
pilot02/SCREEN_SPOOF/S02_20260717_232156,SCREEN_SPOOF,20,SPOOF,INCONCLUSIVE,temporal vote did not reach a fail-safe majority,478,124.37715707964601,122.2669005807522,225.4572242184015,270.2600093143501,51.94280896845416,0.9811715481171548,0.8230205885271483,1.769679977192578,0.9686192468619247,0.5156410441112845,0,1,2
pilot02/SCREEN_SPOOF/S02_20260717_232156,SCREEN_SPOOF,25,INCONCLUSIVE,INCONCLUSIVE,temporal vote did not reach a fail-safe majority,478,120.398828125,124.34086006637168,140.37409997736168,173.9950591234519,49.95547179594888,0.8556485355648535,1.7808572440846937,4.657404000626088,0.9832635983263598,0.5035313068197275,0,1,2
pilot02/SCREEN_SPOOF/S02_20260717_232156,SCREEN_SPOOF,30,INCONCLUSIVE,INCONCLUSIVE,temporal vote did not reach a fail-safe majority,478,117.36531042588496,128.93688122234514,197.17877533667613,221.53360730134384,48.56995405982176,0.8158995815899581,2.121953038750832,6.640409910124458,0.9916317991631799,0.6159818878074044,0,1,2
pilot02/SCREEN_SPOOF/S02_20260717_232156,SCREEN_SPOOF,35,INCONCLUSIVE,INCONCLUSIVE,temporal vote did not reach a fail-safe majority,478,119.68885163163716,126.88545699668141,244.76954088943435,236.32630822778518,50.02558845524988,0.9644351464435147,1.2301804833870258,2.7359354513573972,0.9644351464435147,0.6047937408195978,0,0,3
pilot02/SCREEN_SPOOF/S02_20260717_232156,SCREEN_SPOOF,40,SPOOF,INCONCLUSIVE,temporal vote did not reach a fail-safe majority,478,120.2879874170354,126.03791482300885,238.10492984593375,224.97132781138762,49.67849039817443,1.0,0.7223760965005216,1.8252688366848273,1.0,0.43164240052847846,0,1,2
pilot02/SCREEN_SPOOF/S02_20260717_232156,SCREEN_SPOOF,45,INCONCLUSIVE,INCONCLUSIVE,temporal vote did not reach a fail-safe majority,478,120.06202295353982,125.35251313606194,249.29353837215123,238.1069810364071,48.76987515046508,0.8430962343096234,1.696596490482278,4.052315850089509,0.9707112970711297,0.9467627917666335,0,1,2
pilot02/SCREEN_SPOOF/S02_20260717_232156,SCREEN_SPOOF,50,INCONCLUSIVE,INCONCLUSIVE,temporal vote did not reach a fail-safe majority,478,120.44503249446903,125.05111310840708,241.95276220145547,242.15752164589898,51.276065239029215,0.9456066945606695,1.2621970538398573,3.102335736506901,0.997907949790795,0.46786289028295897,0,1,2
pilot02/SCREEN_SPOOF/S02_20260717_232156,SCREEN_SPOOF,55,INCONCLUSIVE,INCONCLUSIVE,temporal vote did not reach a fail-safe majority,478,121.62598520464601,125.39875553097345,228.31174572033086,233.60193504527683,51.588723958805424,0.9476987447698745,1.3379381044675756,2.9194212291696253,0.9581589958158996,0.7905058904534513,0,0,3
pilot02/SCREEN_SPOOF/S02_20260717_232156,SCREEN_SPOOF,60,SPOOF,INCONCLUSIVE,temporal vote did not reach a fail-safe majority,478,125.43394634955752,121.85501590154867,201.17098140516092,238.79326518153553,49.19766674145594,1.0,0.6269101123604558,1.4488527928487178,1.0,0.3741926201652418,0,1,2
pilot02/SCREEN_SPOOF/S02_20260717_232156,SCREEN_SPOOF,65,INCONCLUSIVE,INCONCLUSIVE,temporal vote did not reach a fail-safe majority,,120.17130807522123,123.57667311946902,168.1419195139351,202.40844796235024,,,,,,,0,1,2
pilot02/SCREEN_SPOOF/S02_20260717_232156,SCREEN_SPOOF,70,INCONCLUSIVE,INCONCLUSIVE,temporal vote did not reach a fail-safe majority,478,115.97029521570796,128.94010992809734,190.08246154933335,233.12744313418924,48.10845685395494,0.8828451882845189,1.6197464240977115,4.583334805997121,0.9644351464435147,0.7436666408217734,0,1,2
pilot02/SCREEN_SPOOF/S02_20260717_232156,SCREEN_SPOOF,75,INCONCLUSIVE,INCONCLUSIVE,temporal vote did not reach a fail-safe majority,478,113.7654798119469,125.44152378318584,197.22809769497715,233.69210030149955,50.457871996263904,0.9330543933054394,1.5063552763776782,3.397372180911414,0.997907949790795,0.5696975234230132,0,0,3
pilot02/SCREEN_SPOOF/S02_20260717_232156,SCREEN_SPOOF,80,INCONCLUSIVE,INCONCLUSIVE,temporal vote did not reach a fail-safe majority,478,111.15749446902655,124.56360965154867,181.15701448049643,228.12292913043294,54.34267998106904,0.9435146443514645,1.1937679289625498,3.0275356769245256,0.9790794979079498,0.5084942008292876,0,0,3
pilot02/SCREEN_SPOOF/S02_20260717_232156,SCREEN_SPOOF,85,SPOOF,INCONCLUSIVE,temporal vote did not reach a fail-safe majority,478,106.53997856747787,124.33548119469026,182.38854861628488,212.1294867544199,55.969793409122126,0.9414225941422594,0.9528445415938922,2.8445834156731054,0.9874476987447699,0.5839915595828595,0,1,2
pilot02/SCREEN_SPOOF/S02_20260717_232156,SCREEN_SPOOF,90,SPOOF,INCONCLUSIVE,temporal vote did not reach a fail-safe majority,478,96.55985550331859,123.98473105641592,176.4862610632853,204.42107645106935,56.29873965165985,1.0,0.5582327823478674,1.2934302117155432,1.0,0.3237406305852434,0,2,1
pilot02/SCREEN_SPOOF/S02_20260717_232156,SCREEN_SPOOF,95,SPOOF,SPOOF,3/3 samples voted SPOOF,478,88.56480572455752,117.07994676438054,172.9024221854935,177.21899044854536,57.336957816388235,1.0,0.8948063628713516,2.2116810693900346,0.9748953974895398,0.49045839478093756,0,3,0
pilot02/SCREEN_SPOOF/S02_20260717_232156,SCREEN_SPOOF,100,INCONCLUSIVE,INCONCLUSIVE,temporal vote did not reach a fail-safe majority,478,88.43586144911504,116.71301852876107,146.94485523291692,146.7047480160061,57.425270163042384,0.9351464435146444,1.2469436637718914,2.930158774727364,0.9602510460251046,0.50474136180343,0,2,1
pilot02/SCREEN_SPOOF/S02_20260717_232156,SCREEN_SPOOF,105,SPOOF,INCONCLUSIVE,temporal vote did not reach a fail-safe majority,478,92.19757328539824,115.08175815818583,221.08738220061886,185.63072077418133,56.3857253770255,1.0,0.5043304429807124,1.0054440317918574,0.99581589958159,0.31783646403598526,0,2,1
pilot02/SCREEN_SPOOF/S02_20260717_232156,SCREEN_SPOOF,110,INCONCLUSIVE,INCONCLUSIVE,temporal vote did not reach a fail-safe majority,478,94.47098658738938,115.40037679756637,189.07148506618051,182.2531361903841,56.28948442688979,0.9058577405857741,1.2725700460577976,3.491044204898536,0.9623430962343096,0.6700018575010742,0,1,2
pilot02/SCREEN_SPOOF/S02_20260717_232156,SCREEN_SPOOF,115,SPOOF,INCONCLUSIVE,temporal vote did not reach a fail-safe majority,478,104.73990251659292,117.37079300331858,209.3430894067743,204.18473021132112,51.52364557236228,1.0,0.7441197890859831,1.4523301079162316,1.0,0.44589592094890174,0,2,1
pilot02/SCREEN_SPOOF/S02_20260717_232156,SCREEN_SPOOF,120,INCONCLUSIVE,INCONCLUSIVE,temporal vote did not reach a fail-safe majority,478,112.09750414823009,118.50072939712389,198.63760872076614,224.3793251779804,49.399381941124766,0.9184100418410042,1.4570661956677302,3.727370785907875,0.9602510460251046,0.7270747486664205,0,1,2
pilot02/SCREEN_SPOOF/S02_20260717_232156,SCREEN_SPOOF,125,INCONCLUSIVE,INCONCLUSIVE,temporal vote did not reach a fail-safe majority,478,121.11817616150442,122.12392146017699,171.55711378325927,208.97007048759903,50.6750430807676,0.8472803347280334,1.9579009397534812,5.29708046884657,0.9769874476987448,0.7714687096468233,0,1,2
pilot02/SCREEN_SPOOF/S02_20260717_232156,SCREEN_SPOOF,130,INCONCLUSIVE,INCONCLUSIVE,temporal vote did not reach a fail-safe majority,,126.7072248340708,124.94322455752213,218.75163291263752,256.1813600619359,,,,,,,0,0,3
pilot02/SCREEN_SPOOF/S02_20260717_232156,SCREEN_SPOOF,135,INCONCLUSIVE,INCONCLUSIVE,temporal vote did not reach a fail-safe majority,,128.09472137721238,125.51938951880531,215.93149526482097,244.96715271684405,,,,,,,0,0,3
pilot02/SCREEN_SPOOF/S02_20260717_232156,SCREEN_SPOOF,140,INCONCLUSIVE,INCONCLUSIVE,temporal vote did not reach a fail-safe majority,478,127.37839809181416,129.1062569137168,218.48598979692133,232.91482991181144,47.4061598901583,0.9414225941422594,1.3074570366051703,3.239970396201851,0.9937238493723849,0.6039188738997785,0,0,3
pilot02/SCREEN_SPOOF/S02_20260717_232156,SCREEN_SPOOF,145,INCONCLUSIVE,INCONCLUSIVE,temporal vote did not reach a fail-safe majority,478,125.05043210730088,131.12931070243363,236.68475044842606,243.3797322213729,46.429092014591,0.8221757322175732,2.2216544760157726,5.903649389551197,0.9560669456066946,0.7053865789644644,0,0,3
pilot02/SCREEN_SPOOF/S02_20260717_232156,SCREEN_SPOOF,150,INCONCLUSIVE,INCONCLUSIVE,temporal vote did not reach a fail-safe majority,,124.16038785951328,131.18999930862833,232.11521051273468,240.8878698269562,,,,,,,0,0,3
pilot02/SCREEN_SPOOF/S02_20260717_232156,SCREEN_SPOOF,155,INCONCLUSIVE,INCONCLUSIVE,temporal vote did not reach a fail-safe majority,,125.12156042588495,130.4840327710177,238.3672996632847,246.73959132093324,,,,,,,0,0,3
pilot02/SCREEN_SPOOF/S02_20260717_232156,SCREEN_SPOOF,160,INCONCLUSIVE,INCONCLUSIVE,temporal vote did not reach a fail-safe majority,,126.78559181415929,129.20847275995575,239.0888139347564,253.85069820504734,,,,,,,0,0,3
pilot02/SCREEN_SPOOF/S02_20260717_232156,SCREEN_SPOOF,165,INCONCLUSIVE,INCONCLUSIVE,temporal vote did not reach a fail-safe majority,,128.78547773783185,129.3887202710177,239.1310314262534,252.06782326363037,,,,,,,0,0,3
pilot02/SCREEN_SPOOF/S02_20260717_232156,SCREEN_SPOOF,170,INCONCLUSIVE,INCONCLUSIVE,temporal vote did not reach a fail-safe majority,,130.2192858130531,129.7365286227876,247.6385302121466,251.20893250300412,,,,,,,0,0,3
pilot02/SCREEN_SPOOF/S02_20260717_232156,SCREEN_SPOOF,175,INCONCLUSIVE,INCONCLUSIVE,temporal vote did not reach a fail-safe majority,,130.64996888827434,129.6574184181416,245.97437562387884,249.91344305113293,,,,,,,0,0,3
pilot02/SCREEN_SPOOF/S02_20260717_232156,SCREEN_SPOOF,180,INCONCLUSIVE,INCONCLUSIVE,temporal vote did not reach a fail-safe majority,,131.0215846238938,129.06954162057522,241.4759743060658,251.8509087622714,,,,,,,0,0,3
pilot02/SCREEN_SPOOF/S02_20260717_232156,SCREEN_SPOOF,185,INCONCLUSIVE,INCONCLUSIVE,temporal vote did not reach a fail-safe majority,478,130.22830129977876,128.7878422289823,232.6611446191628,232.29479369514914,46.53335720900563,0.7635983263598326,2.5412120472015443,8.377440591034048,0.9267782426778243,0.9091178934437277,0,0,3
pilot02/SCREEN_SPOOF/S02_20260717_232156,SCREEN_SPOOF,190,SPOOF,INCONCLUSIVE,temporal vote did not reach a fail-safe majority,478,128.7643943584071,126.88215915376107,213.959083083687,249.32286654523512,47.24567358649929,0.9853556485355649,0.8829470640274293,2.1246253998486333,0.9790794979079498,0.46104829825636406,0,1,2
pilot02/SCREEN_SPOOF/S02_20260717_232156,SCREEN_SPOOF,195,INCONCLUSIVE,INCONCLUSIVE,temporal vote did not reach a fail-safe majority,,125.99444137168142,126.49528138827434,228.02611228710447,250.36288692718443,,,,,,,0,1,2
pilot02/SCREEN_SPOOF/S02_20260717_232156,SCREEN_SPOOF,200,INCONCLUSIVE,INCONCLUSIVE,temporal vote did not reach a fail-safe majority,,124.79382259402655,126.76410743915929,224.31370261269473,244.91042242378344,,,,,,,0,1,2
pilot02/SCREEN_SPOOF/S02_20260717_232156,SCREEN_SPOOF,205,INCONCLUSIVE,INCONCLUSIVE,temporal vote did not reach a fail-safe majority,478,123.47453678097345,127.00425884955752,212.8341410463524,238.29711350113476,49.411017707427696,0.8221757322175732,1.9370443545170073,5.998754924195822,0.9665271966527197,0.5676369272672774,0,0,3
